ID;name;category;price;tax_rate;description;images;stan;typ;attributes;quantity
W2.802;AŻUROWA złota zawieszka Wisiorek PREZENT! 2.802;Wisiorki;129;23;"<p class=""nazwa""><strong>AŻUROWA ZAWIESZKA</strong></p>
<p class=""nazwa""><strong><br /></strong></p>
<p class=""nazwa"" style=""margin: 3px;"">Wykonany z największą precyzją złoty wisiorek o oryginalnym wzorze. Prezentuje się bardzo atrakcyjnie. Podkreśli charakter każdej stylizacji.</p>
<p class=""opisprzedmiotu""> </p>
<p class=""opisprzedmiotu""><strong >Wzór nr: 2.802 (86)</strong></p>
<ul>
<li><span>kolor złota: żółty</span></li>
<li><span>próba złota: 333</span></li>
<li><span>waga: 0,77-0,87g</span></li>
<li><span>średnica 14,58mm</span></li>
<li><span>nacięcie diamentowe</span></li>
<br /> 
</ul>";http://www.galerieallegro.pl/zdjecia/z768/7684639/big/1.jpg,http://www.galerieallegro.pl/zdjecia/z768/7684639/big/2.jpg;new;Klasyczne,Orientalne,Rękodzieło,Wyrób jubilerski;Kamień:Bez kamienia,Kształt:Kółko,Materiał:Złoto,Rodzaj bigla:;13
K3.2353;Złote kolczyki wzór INFINITY NIESKOŃCZONOŚĆ 3.2353;Kolczyki;99;23;"<p class=""nazwa"" style=""margin: 3px;""><span ><strong>ZŁOTE KOLCZYKI</strong></span></p>
<p class=""nazwa"" style=""margin: 3px;""><span ><strong><br /></strong></span></p>
<p class=""nazwa"" style=""margin: 3px;""><span >Bardzo modny wzór nieskończoności. </span></p>
<p class=""nazwa"" style=""margin: 3px;""><span >Wygodne zapięcie na sztyft.<br />Świetnie sprawdzą się jako prezent. </span></p>
<p class=""opisprzedmiotu"" style=""margin-top: 0px; margin-bottom: 3px; line-height: 17.5px;""> </p>
<p class=""opisprzedmiotu"" style=""margin-top: 0px; margin-bottom: 3px; line-height: 17.5px;""><strong >Wzór nr: </strong><span ><strong>3.2353(202)</strong></span></p>
<p class=""opisprzedmiotu"" style=""margin-top: 0px; margin-bottom: 3px; line-height: 17.5px;""> </p>
<ul >
<li>kolor złota: żółte</li>
<li>próba: 333</li>
<li>waga: 0,63-0,67g</li>
<li>wielkość orientacyjna: 4,3 x 9,9 mm</li>
</ul>";http://www.galerieallegro.pl/zdjecia/z845/8452560/big/1.jpg,http://www.galerieallegro.pl/zdjecia/z845/8452560/big/2.jpg,http://www.galerieallegro.pl/zdjecia/z845/8452560/big/3.jpg;new;Klasyczne,Rękodzieło,Wyrób jubilerski;Kamień:Bez kamienia,Kształt:,Materiał:Złoto,Rodzaj bigla:Sztyft;9
K3.2312;ZŁOTE KOLCZYKI z Cyrkonią Złoto Piękny wzór 3.2312;Kolczyki;259;23;"<p class=""nazwa"" style=""margin: 3px;""><span ><strong>Złote kolczyki z Cyrkonią</strong></span></p>
<p class=""nazwa"" style=""margin: 3px;""> </p>
<p class=""nazwa"" style=""margin: 3px;""><span >Piękne i kobiece kolczyki z kamieniem.<br />Nowoczesny wzór z wygodnym, angielskim zapięciem. Prezentują się bardzo atrakcyjnie i modnie. <br />Stanowią doskonałe dopełnienie każdej stylizacji. </span></p>
<p class=""opisprzedmiotu"" style=""margin-top: 0px; margin-bottom: 3px; line-height: 17.5px;""> </p>
<p class=""opisprzedmiotu"" style=""margin-top: 0px; margin-bottom: 3px; line-height: 17.5px;""><strong >Wzór nr: 3.2312(191)</strong></p>
<p class=""opisprzedmiotu"" style=""margin-top: 0px; margin-bottom: 3px; line-height: 17.5px;""> </p>
<ul >
<li>kolor złota: żółte</li>
<li>próba: 333</li>
<li>waga: 1,61-1,68g</li>
<li>wielkość kamieni: 2,75mm</li>
<li>ilość kamieni w kolczyku: 1</li>
<li>nazwa kamienia: Cyrkonia</li>
<li>rodowany element przodu</li>
<li>wielkość orientacyjna: 14,5x5,5 mm</li>
</ul>";http://www.galerieallegro.pl/zdjecia/z845/8452455/big/1.jpg,http://www.galerieallegro.pl/zdjecia/z845/8452455/big/2.jpg,http://www.galerieallegro.pl/zdjecia/z845/8452455/big/3.jpg;new;Klasyczne,Rękodzieło,Wyrób jubilerski;Kamień:Cyrkonia,Kształt:,Materiał:Złoto,Rodzaj bigla:Angielski;5
K3.2123;ZŁOTE KOLCZYKI Cyrkonie PREZENT 3.2123(126);Kolczyki;249;23;"<p class=""nazwa"" style=""margin: 3px;""><span ><strong>Złote kolczyki z kamieniami</strong></span></p>
<p class=""nazwa"" style=""margin: 3px;""> </p>
<p class=""nazwa"" style=""margin: 3px;""><span >Piękne i kobiece kolczyki z cyrkoniami.<br />Delikatny a zarazem oryginalny wzór z wygodnym, angielskim zapięciem. Prezentują się bardzo atrakcyjnie. <br />Świetnie sprawdzą się jako prezent. </span></p>
<p class=""opisprzedmiotu"" style=""margin-top: 0px; margin-bottom: 3px; line-height: 17.5px;""> </p>
<p class=""opisprzedmiotu"" style=""margin-top: 0px; margin-bottom: 3px; line-height: 17.5px;""><strong >Wzór nr: </strong><span ><strong>3.2123(126)</strong></span></p>
<p class=""opisprzedmiotu"" style=""margin-top: 0px; margin-bottom: 3px; line-height: 17.5px;""> </p>
<ul >
<li>kolor złota: żółte</li>
<li>próba: 333</li>
<li>waga: 1,45-1,53g</li>
<li>wielkość kamieni: 1,75mm</li>
<li>ilość kamieni: 3 </li>
<li>nazwa kamienia: Cyrkonia</li>
<li>rodowany środkowy pasek</li>
<li>wielkość orientacyjna: 5,1 x 14,1 mm</li>
</ul>";http://www.galerieallegro.pl/zdjecia/z819/8199445/big/1.jpg,http://www.galerieallegro.pl/zdjecia/z819/8199445/big/2.jpg,http://www.galerieallegro.pl/zdjecia/z819/8199445/big/3.jpg;new;Klasyczne,Rękodzieło,Wyrób jubilerski;Kamień:Cyrkonia,Kształt:,Materiał:Złoto,Rodzaj bigla:Angielski;5
K1.188;PIĘKNE ZŁOTE KOLCZYKI z cyrkoniami MARKIZA 1.188;Kolczyki;245;23;"<p class=""nazwa"" style=""margin: 3px;""><span ><strong>Złote kolczyki z kamieniami</strong></span></p>
<p class=""nazwa"" style=""margin: 3px;""><span ><strong>MARKIZA</strong></span></p>
<p class=""nazwa"" style=""margin: 3px;""> </p>
<p class=""nazwa"" style=""margin: 3px;""><span >Starannie wykonane kolczyki z Cyrkoniami. Posiadają wygodne, angielskie zapięcie. Prezentują się elegancko, szlachetnie i kobieco. </span></p>
<p class=""opisprzedmiotu"" style=""margin-top: 0px; margin-bottom: 3px; line-height: 17.5px;""> </p>
<p class=""opisprzedmiotu"" style=""margin-top: 0px; margin-bottom: 3px; line-height: 17.5px;""><strong>Wzór nr: 1.188 (105)</strong></p>
<p class=""opisprzedmiotu"" style=""margin-top: 0px; margin-bottom: 3px; line-height: 17.5px;""> </p>
<ul >
<li>kolor złota: żółte</li>
<li>próba: 333</li>
<li>waga: 1,51-1,56g</li>
<li>wielkość kamienia centralnego: 4mm</li>
<li>wielkość kamieni bocznych: 1,5mm</li>
<li>ilość kamieni: 10</li>
<li>nazwa kamienia: cyrkonia</li>
<li>rodowana oprawa centralnego kamienia</li>
<li>wielkość orientacyjna:<br />śr. 7,4 mm<br />dł. 10 mm </li>
</ul>";http://www.galerieallegro.pl/zdjecia/z766/7668445/big/1.jpg,http://www.galerieallegro.pl/zdjecia/z766/7668445/big/2.jpg,http://www.galerieallegro.pl/zdjecia/z766/7668445/big/3.jpg;new;Klasyczne,Rękodzieło,Wyrób jubilerski;Kamień:Cyrkonia,Kształt:,Materiał:Złoto,Rodzaj bigla:Angielski;3
K3.2343;Urocze złote kolczyki Cyrkonie MAŁE SERCA 3.2343;Kolczyki;99;23;"<p class=""nazwa"" style=""margin: 3px;""><span ><strong>Złote kolczyki z Cyrkoniami</strong></span></p>
<p class=""nazwa"" style=""margin: 3px;""><span ><strong>MAŁE SERDUSZKA</strong></span></p>
<p class=""nazwa"" style=""margin: 3px;""> </p>
<p class=""nazwa"" style=""margin: 3px;"">Subtelne i delikatne kolczyki z wygodnym zapięciem na sztyft. Zdobione trzema małymi kamieniami<br />Doskonale sprawdzą się też jako prezent na każdą okazję.</p>
<p class=""nazwa"" style=""margin: 3px;""><strong><span >ELEGANCKIE PUDEŁECZKO GRATIS !</span></strong></p>
<p class=""opisprzedmiotu"" style=""margin-top: 0px; margin-bottom: 3px; line-height: 17.5px;""> </p>
<p class=""opisprzedmiotu"" style=""margin-top: 0px; margin-bottom: 3px; line-height: 17.5px;""><strong >Wzór nr: </strong><span ><strong>3.2343(137)</strong></span></p>
<p class=""opisprzedmiotu"" style=""margin-top: 0px; margin-bottom: 3px; line-height: 17.5px;""> </p>
<ul >
<li>kolor złota: żółte</li>
<li>próba: 333</li>
<li>waga: 0,57-0,59g</li>
<li>wielkość kamieni: 1 mm</li>
<li>ilość kamieni: 3</li>
<li>nazwa kamienia: cyrkonia</li>
<li>wielkość orientacyjna: 4,9x4 mm</li>
<li>zapięcie na sztyft </li>
</ul>";http://www.galerieallegro.pl/zdjecia/z824/8245477/big/1.jpg,http://www.galerieallegro.pl/zdjecia/z824/8245477/big/2.jpg,http://www.galerieallegro.pl/zdjecia/z824/8245477/big/3.jpg;new;Klasyczne,Rękodzieło,Wyrób jubilerski;Kamień:Cyrkonia,Kształt:,Materiał:Złoto,Rodzaj bigla:Sztyft;3
W2.991;Złota zawieszka Wisiorek Cyrkonie MARKIZA 2.991;Wisiorki;93;23;"<p class=""nazwa""><strong>ZAWIESZKA Z KAMIENIAMI<br />MARKIZA </strong></p>
<p class=""nazwa""><strong><br /></strong></p>
<p class=""nazwa"" style=""margin: 3px;"">Wykonany z największą precyzją złoty wisiorek zdobiony cyrkoniami. Delikatny kształt markizy prezentuje się bardzo subtelnie i atrakcyjnie. <br />Zawieszka świetnie sprawdzi się też jako prezent na każdą okazję.</p>
<p class=""opisprzedmiotu""> </p>
<p class=""opisprzedmiotu""><strong >Wzór nr: 2.991 (93)</strong></p>
<ul>
<li><span>kolor złota: żółty</span></li>
<li><span>próba złota: 333</span></li>
<li><span>waga: 0,54-0,58g</span></li>
<li><span>wielkość kamienia centralnego: <br />Owal 4x3mm</span></li>
<li><span>wielkość kamieni bocznych: 1,5mm</span></li>
<li><span>ilość kamieni: 11</span></li>
<li><span>orientacyjna wielkość: 6,3 x 9,6 mm<br /><br /></span></li>
</ul>";http://www.galerieallegro.pl/zdjecia/z770/7708213/big/1.jpg,http://www.galerieallegro.pl/zdjecia/z770/7708213/big/2.jpg;new;Klasyczne,Rękodzieło,Wyrób jubilerski;Kamień:Cyrkonia,Kształt:Kółko,Materiał:Złoto,Rodzaj bigla:;9
K2.1173;PIĘKNE ZŁOTE KOLCZYKI Z CYRKONIĄ na prezent 2.1173;Kolczyki;139;23;"<p class=""nazwa"" style=""margin: 3px;""><span ><strong>Złote kolczyki z kamieniem</strong></span></p>
<p class=""nazwa"" style=""margin: 3px;""> </p>
<p class=""nazwa"" style=""margin: 3px;""><span >Eleganckie kolczyki zdobione małą, białą cyrkonią. Są wygodne i delikatne. <br />Doskonale sprawdzą się jako prezent.</span></p>
<p class=""opisprzedmiotu"" style=""margin-top: 0px; margin-bottom: 3px; line-height: 17.5px;""> </p>
<p class=""opisprzedmiotu"" style=""margin-top: 0px; margin-bottom: 3px; line-height: 17.5px;""><strong>Wzór nr: 2.1173 (107)</strong></p>
<p class=""opisprzedmiotu"" style=""margin-top: 0px; margin-bottom: 3px; line-height: 17.5px;""> </p>
<ul >
<li>kolor złota: żółte</li>
<li>próba: 333</li>
<li>waga: 0,83-0,85g</li>
<li>wielkość kamienia: 2 mm</li>
<li>ilość kamieni: 1</li>
<li>nazwa kamienia: cyrkonia</li>
<li>wielkość orientacyjna: <br />11,9mm x 4,4mm</li>
<li><span >zapięcie na sztyft </span></li>
<li>rodowany element kolczyka</li>
</ul>";http://www.galerieallegro.pl/zdjecia/z781/7812301/big/1.jpg,http://www.galerieallegro.pl/zdjecia/z781/7812301/big/2.jpg;new;;Kamień:,Kształt:,Materiał:Złoto,Rodzaj bigla:;3
K2.889;AŻUROWY WZÓR Skrzydełka Złote kolczyki 2.889;Kolczyki;248;23;"<p class=""nazwa"" style=""margin: 3px;""><span ><strong>Kolczyki nacinane ażurowe</strong></span></p>
<p class=""nazwa"" style=""margin: 3px;""><span ><strong><br /></strong></span></p>
<p class=""nazwa"" style=""margin: 3px;""><span >Złote kolczyki z charakterem. <br />Bardzo oryginalny i wyrazisty wzór.<br />Posiadają angielskie zapięcie. Prezentują się bardzo atrakcyjnie. <br />Świetnie sprawdzą się jako prezent. </span></p>
<p class=""opisprzedmiotu"" style=""margin-top: 0px; margin-bottom: 3px; line-height: 17.5px;""> </p>
<p class=""opisprzedmiotu"" style=""margin-top: 0px; margin-bottom: 3px; line-height: 17.5px;""><strong>Wzór nr: 2.889 (97)</strong></p>
<p class=""opisprzedmiotu"" style=""margin-top: 0px; margin-bottom: 3px; line-height: 17.5px;""> </p>
<ul >
<li>kolor złota: żółte</li>
<li>próba: 333</li>
<li>waga: 1,53-1,58g</li>
<li>wielkość orientacyjna: 18,3 x 7 mm</li>
</ul>";http://www.galerieallegro.pl/zdjecia/z766/7668487/big/1.jpg,http://www.galerieallegro.pl/zdjecia/z766/7668487/big/2.jpg,http://www.galerieallegro.pl/zdjecia/z766/7668487/big/3.jpg;new;Klasyczne,Rękodzieło,Wyrób jubilerski;Kamień:Bez kamienia,Kształt:,Materiał:Złoto,Rodzaj bigla:Angielski;6
K3.2090;ZŁOTE KOLCZYKI z Cyrkonią Złoto Piękny wzór 3.2090;Kolczyki;288;23;"<p class=""nazwa"" style=""margin: 3px;""><span ><strong>Złote kolczyki z Cyrkonią</strong></span></p>
<p class=""nazwa"" style=""margin: 3px;""> </p>
<p class=""nazwa"" style=""margin: 3px;""><span >Piękne i kobiece kolczyki z kamieniem.<br />Delikatny a zarazem oryginalny wzór z wygodnym, angielskim zapięciem. Prezentują się bardzo atrakcyjnie. <br />Świetnie sprawdzą się jako prezent. </span></p>
<p class=""opisprzedmiotu"" style=""margin-top: 0px; margin-bottom: 3px; line-height: 17.5px;""> </p>
<p class=""opisprzedmiotu"" style=""margin-top: 0px; margin-bottom: 3px; line-height: 17.5px;""><strong >Wzór nr: 3.2090(190)</strong></p>
<p class=""opisprzedmiotu"" style=""margin-top: 0px; margin-bottom: 3px; line-height: 17.5px;""> </p>
<ul >
<li>kolor złota: żółte</li>
<li>próba: 333</li>
<li>waga: 1,71-1,80g</li>
<li>wielkość kamieni: 2,75mm</li>
<li>ilość kamieni w kolczyku: 1</li>
<li>nazwa kamienia: Cyrkonia</li>
<li>rodowany element góry</li>
<li>wielkość orientacyjna: 6 x 17,1 mm</li>
</ul>";http://www.galerieallegro.pl/zdjecia/z840/8409306/big/1.jpg,http://www.galerieallegro.pl/zdjecia/z840/8409306/big/2.jpg,http://www.galerieallegro.pl/zdjecia/z840/8409306/big/3.jpg;new;Klasyczne,Rękodzieło,Wyrób jubilerski;Kamień:Cyrkonia,Kształt:,Materiał:Złoto,Rodzaj bigla:Angielski;3
K1.235;PIĘKNE ZŁOTE KOLCZYKI z cyrkoniami PREZENT 1.235;Kolczyki;219;23;"<p class=""nazwa"" style=""margin: 3px;""><span ><strong>Złote kolczyki z kamieniami</strong></span></p>
<p class=""nazwa"" style=""margin: 3px;""> </p>
<p class=""nazwa"" style=""margin: 3px;"">Starannie wykonane kolczyki z cyrkoniami. Posiadają angielskie zapięcie. Prezentują się bardzo elegancko i kobieco. Doskonale sprawdzą się w każdej stylizacji. Świetnie nadają się na prezent.</p>
<p class=""opisprzedmiotu"" style=""margin-top: 0px; margin-bottom: 3px; line-height: 17.5px;""> </p>
<p class=""opisprzedmiotu"" style=""margin-top: 0px; margin-bottom: 3px; line-height: 17.5px;""><strong>Wzór nr: 1.235 (98)</strong></p>
<p class=""opisprzedmiotu"" style=""margin-top: 0px; margin-bottom: 3px; line-height: 17.5px;""> </p>
<ul >
<li>kolor złota: żółte</li>
<li>próba: 333</li>
<li>waga: 1,38-1,43g</li>
<li>wielkość kamieni: <span >1,5mm 1,7mm</span></li>
<li>ilość kamieni: 9</li>
<li>nazwa kamienia: cyrkonia</li>
<li>wielkość orientacyjna: 15,5 x 4,7 mm</li>
<li>angielskie zapięcie<br /><br /></li>
</ul>";http://www.galerieallegro.pl/zdjecia/z766/7668464/big/1.jpg,http://www.galerieallegro.pl/zdjecia/z766/7668464/big/2.jpg,http://www.galerieallegro.pl/zdjecia/z766/7668464/big/3.jpg;new;Klasyczne,Rękodzieło,Wyrób jubilerski;Kamień:Cyrkonia,Kształt:,Materiał:Złoto,Rodzaj bigla:Angielski;6
W3.2335;Złota zawieszka z Cyrkoniami Wisiorek SERCE 3.2335;Wisiorki;129;23;"<p class=""nazwa""><strong>PRZEWIESZKA Z KAMIENIAMI</strong></p>
<p class=""nazwa""><strong>MAŁE SERCE </strong></p>
<p class=""nazwa""><strong><br /></strong></p>
<p class=""nazwa"" style=""margin: 3px;"">Wykonany z największą precyzją złoty wisiorek w kształcie serca, zdobiony białymi Cyrkoniami. <br /><br /></p>
<p class=""opisprzedmiotu""><strong >Wzór nr: 3.2335(119) </strong></p>
<ul>
<li><span>kolor złota: żółty</span></li>
<li><span>próba złota: 333</span></li>
<li><span>waga: 0,70-0,74g</span></li>
<li><span>wielkość kamieni: 1,2mm</span></li>
<li><span>ilość kamieni: 18</span></li>
<li><span>nazwa kamienia: Cyrkonia</span></li>
<li><span>wielkość orientacyjna: <br />8,6 x 9,5 mm</span></li>
<br /> 
</ul>";http://www.galerieallegro.pl/zdjecia/z822/8221819/big/1.jpg,http://www.galerieallegro.pl/zdjecia/z822/8221819/big/2.jpg;new;Klasyczne,Rękodzieło,Wyrób jubilerski;Kamień:Cyrkonia,Kształt:Serce,Materiał:Złoto,Rodzaj bigla:;4
W3.2340;Złota zawieszka wisiorek Serce Cyrkonie 3.2340;Wisiorki;194;23;"<p class=""nazwa""><strong>ZŁOTA PRZEWIESZKA  <br />Z KAMIENIAMI <br /><br /></strong></p>
<p class=""nazwa"" style=""margin: 3px;"">Złoty wisiorek w kształcie serca zdobiony białymi cyrkoniami. <br />Idealnie sprawdzi się jako prezent.</p>
<p class=""opisprzedmiotu""> </p>
<p class=""opisprzedmiotu""><strong >Wzór nr: 3.2340(199)</strong></p>
<ul>
<li><span>kolor złota: żółty</span></li>
<li><span>próba złota: 333</span></li>
<li><span>waga: 1,18-1,21g</span></li>
<li><span>wielkość kamienia centralnego: 3mm</span></li>
<li><span>wielkość kamieni bocznych: 1,25mm</span></li>
<li><span>ilość kamieni: 13</span></li>
<li><span>nazwa kamienia: Cyrkonia</span></li>
<li><span>wielkość orientacyjna: <br />13,5mm x 13,7mm</span></li>
<li><span>rodowane łapki centralnego kamienia</span></li>
</ul>";http://www.galerieallegro.pl/zdjecia/z840/8409332/big/1.jpg,http://www.galerieallegro.pl/zdjecia/z840/8409332/big/2.jpg;new;Klasyczne,Rękodzieło,Wyrób jubilerski;Kamień:Cyrkonia,Kształt:Serce,Materiał:Złoto,Rodzaj bigla:;3
W2.1335;Złota zawieszka INFINITY NIESKOŃCZONOŚĆ 2.1335;Wisiorki;119;23;"<p class=""nazwa""><strong>ZAWIESZKA Z CYRKONIAMI<br />NIESKOŃCZONOŚĆ </strong></p>
<p class=""nazwa""><strong><br /></strong></p>
<p class=""nazwa"" style=""margin: 3px;"">Modny wzór nieskończoności pięknie zdobiony kamieniami. <br />Zawieszka świetnie sprawdzi się też jako prezent na każdą okazję.</p>
<p class=""opisprzedmiotu""> </p>
<p class=""opisprzedmiotu""><strong >Wzór nr: 2.1335 (92)</strong></p>
<ul>
<li><span>kolor złota: żółty</span></li>
<li><span>próba złota: 333</span></li>
<li><span>waga: 0,70-0,77g</span></li>
<li><span>wielkość kamieni bocznych: 1mm 1,2mm</span></li>
<li><span>ilość kamieni: 15</span></li>
<li><span>orientacyjna wielkość: 21mm długości </span></li>
<li><span>rodowane kamienie<br /><br /></span></li>
</ul>";http://www.galerieallegro.pl/zdjecia/z770/7708350/big/1.jpg,http://www.galerieallegro.pl/zdjecia/z770/7708350/big/2.jpg;new;Klasyczne,Rękodzieło,Wyrób jubilerski;Kamień:Cyrkonia,Kształt:Znak nieskończoności,Materiał:Złoto,Rodzaj bigla:;12
W2.1203;ZŁOTA ZAWIESZKA SERCE CYRKONIE 2.1203 WALENTYNKI;Wisiorki;118;23;"<p class=""nazwa""><strong>ZAWIESZKA <br />Z KAMIENIAMI SERDUSZKO </strong></p>
<p class=""nazwa""><strong><br /></strong></p>
<p class=""nazwa"" style=""margin: 3px;"">Złoty wisiorek w kształcie serca zdobiony białymi cyrkoniami. Bardzo elegancki i subtelny wzór. <br />Idealnie sprawdzi się jako prezent.</p>
<p class=""opisprzedmiotu""> </p>
<p class=""opisprzedmiotu""><strong >Wzór nr: 2.1203 (87)</strong></p>
<ul>
<li><span>kolor złota: żółty</span></li>
<li><span>próba złota: 333</span></li>
<li><span>waga: 0,66-0,74g</span></li>
<li><span>wielkość kamieni: 1,2mm</span></li>
<li><span>ilość kamieni: 3</span></li>
<li><span>nazwa kamienia: cyrkonia</span></li>
<li><span>wielkość orientacyjna: 13,7 x 12,5mm</span></li>
<li><span>rod: rodowane elementy</span></li>
<br /> 
</ul>";http://www.galerieallegro.pl/zdjecia/z769/7692200/big/1.jpg,http://www.galerieallegro.pl/zdjecia/z769/7692200/big/2.jpg;new;Klasyczne,Rękodzieło,Wyrób jubilerski;Kamień:Cyrkonia,Kształt:Serce,Materiał:Złoto,Rodzaj bigla:;4
W2.1181;MODNA ZŁOTA ZAWIESZKA SERCA 2.1181 WALENTYNKI;Wisiorki;175;23;"<p class=""nazwa""><strong>ZAWIESZKA <br />Z KAMIENIAMI DWA SERCA </strong></p>
<p class=""nazwa""><strong><br /></strong></p>
<p class=""nazwa"" style=""margin: 3px;"">Złoty wisiorek w kształcie serc zdobiony białymi cyrkoniami. Bardzo elegancki i subtelny wzór. <br />Idealnie sprawdzi się jako prezent.</p>
<p class=""opisprzedmiotu""> </p>
<p class=""opisprzedmiotu""><strong >Wzór nr: 2.1181 (96)</strong></p>
<ul>
<li><span>kolor złota: żółty</span></li>
<li><span>próba złota: 333</span></li>
<li><span>waga: 1,11-1,16g</span></li>
<li><span>wielkość kamieni: 1,25mm</span></li>
<li><span>ilość kamieni: 14</span></li>
<li><span>nazwa kamienia: cyrkonia</span></li>
<li><span>wielkość orientacyjna: 13,8 x 15,5mm</span></li>
<li><span>rod: rodowany górny element</span></li>
<br /> 
</ul>";http://www.galerieallegro.pl/zdjecia/z769/7692236/big/1.jpg,http://www.galerieallegro.pl/zdjecia/z769/7692236/big/2.jpg,http://www.galerieallegro.pl/zdjecia/z769/7692236/big/3.jpg;new;Klasyczne,Rękodzieło,Wyrób jubilerski;Kamień:Cyrkonia,Kształt:Serce,Materiał:Złoto,Rodzaj bigla:;4
K3.2332;Złote kolczyki z cyrkoniami MOTYLKI 3.2332 PREZENT;Kolczyki;169;23;"<p class=""nazwa"" style=""margin: 3px;""><span ><strong>Złote kolczyki z kamieniami</strong></span></p>
<p class=""nazwa"" style=""margin: 3px;""><span ><strong>MOTYLKI</strong></span></p>
<p class=""nazwa"" style=""margin: 3px;""> </p>
<p class=""nazwa"" style=""margin: 3px;""><span >Starannie wykonane kolczyki motylki zdobione białymi cyrkoniami. <br />Bardzo wygodne i delikatne. Doskonale sprawdzą się jako prezent.</span></p>
<p class=""opisprzedmiotu"" style=""margin-top: 0px; margin-bottom: 3px; line-height: 17.5px;""> </p>
<p class=""opisprzedmiotu"" style=""margin-top: 0px; margin-bottom: 3px; line-height: 17.5px;""><strong >Wzór nr: </strong><span ><strong>3.2332(204)</strong></span></p>
<p class=""opisprzedmiotu"" style=""margin-top: 0px; margin-bottom: 3px; line-height: 17.5px;""> </p>
<ul >
<li>kolor złota: żółte</li>
<li>próba: 333</li>
<li>waga: 1-1,05g</li>
<li>wielkość kamieni:1,25mm</li>
<li>ilość kamieni w kolczyku: 8</li>
<li>nazwa kamienia: cyrkonia</li>
<li>wielkość orientacyjna: <br />szerokość 8mm<br />wysokość 7mm </li>
<li>zapięcie na sztyft </li>
</ul>";http://www.galerieallegro.pl/zdjecia/z845/8452495/big/1.jpg,http://www.galerieallegro.pl/zdjecia/z845/8452495/big/2.jpg,http://www.galerieallegro.pl/zdjecia/z845/8452495/big/3.jpg;new;;Kamień:,Kształt:,Materiał:Złoto,Rodzaj bigla:;3
K3.2347;Delikatne złote kolczyki z Cyrkonią PREZENT 3.2347;Kolczyki;82;23;"<p class=""nazwa"" style=""margin: 3px;""><span ><strong>Złote kolczyki z Cyrkonią</strong></span></p>
<p class=""nazwa"" style=""margin: 3px;""> </p>
<p class=""nazwa"" style=""margin: 3px;""><sup><span >Subtelne i delikatne kolczyki z wygodnym zapięciem na sztyft. </span><br /><br /><span >Doskonale sprawdzą się jako prezent.</span></sup></p>
<p class=""opisprzedmiotu"" style=""margin-top: 0px; margin-bottom: 3px; line-height: 17.5px;""> </p>
<p class=""opisprzedmiotu"" style=""margin-top: 0px; margin-bottom: 3px; line-height: 17.5px;""><strong >Wzór nr: </strong><span ><strong>3.2347(201)</strong></span></p>
<p class=""opisprzedmiotu"" style=""margin-top: 0px; margin-bottom: 3px; line-height: 17.5px;""> </p>
<ul >
<li>kolor złota: żółte</li>
<li>próba: 333</li>
<li>waga: 0,50-0,56g</li>
<li>wielkość kamienia: 2,5mm</li>
<li>ilość kamieni: 1</li>
<li>nazwa kamienia: cyrkonia</li>
<li>wielkość orientacyjna: 3,2x3,2mm</li>
<li>zapięcie na sztyft </li>
</ul>";http://www.galerieallegro.pl/zdjecia/z845/8452538/big/1.jpg,http://www.galerieallegro.pl/zdjecia/z845/8452538/big/2.jpg,http://www.galerieallegro.pl/zdjecia/z845/8452538/big/3.jpg;new;;Kamień:,Kształt:,Materiał:Złoto,Rodzaj bigla:;2
K1.815c;AŻUROWE ZŁOTE KOLCZYKI Czerwona Cyrkonia 1.815c;Kolczyki;159;23;"<p class=""nazwa"" style=""margin: 3px;""><span ><strong>Złote kolczyki z kamieniem</strong></span></p>
<p class=""nazwa"" style=""margin: 3px;""> </p>
<p class=""nazwa"" style=""margin: 3px;""><span >Starannie wykonane kolczyki <br />z Cyrkonią koloru czerwonego. Oryginalny wzór z pięknym, ażurowym zdobieniem. Prezentują się bardzo elegancko, szlachetnie i kobieco. </span></p>
<p class=""opisprzedmiotu"" style=""margin-top: 0px; margin-bottom: 3px; line-height: 17.5px;""> </p>
<p class=""opisprzedmiotu"" style=""margin-top: 0px; margin-bottom: 3px; line-height: 17.5px;""><strong>Wzór nr: 1.815c (134)</strong></p>
<p class=""opisprzedmiotu"" style=""margin-top: 0px; margin-bottom: 3px; line-height: 17.5px;""> </p>
<ul >
<li>kolor złota: żółte</li>
<li>próba: 333</li>
<li>waga: 0,89-1,04g</li>
<li>wielkość kamienia centralnego: 4,5mm</li>
<li><span >ilość kamieni: 1</span></li>
<li>nazwa kamienia: Cyrkonia</li>
<li>kolor kamienia: czerwony</li>
<li><span >całkowita szerokość korony: 7mm</span></li>
<li><span >kolczyki na sztyfcie </span></li>
</ul>";http://www.galerieallegro.pl/zdjecia/z822/8222969/big/1.jpg,http://www.galerieallegro.pl/zdjecia/z822/8222969/big/2.jpg,http://www.galerieallegro.pl/zdjecia/z822/8222969/big/3.jpg;new;Klasyczne,Orientalne,Rękodzieło,Stylizowane na stare,Wyrób jubilerski;Kamień:Cyrkonia,Kształt:,Materiał:Złoto,Rodzaj bigla:Sztyft;2
K1.815c;AŻUROWE ZŁOTE KOLCZYKI Niebieska Cyrkonia 1.815c;Kolczyki;159;23;"<p class=""nazwa"" style=""margin: 3px;""><span ><strong>Złote kolczyki z kamieniem</strong></span></p>
<p class=""nazwa"" style=""margin: 3px;""> </p>
<p class=""nazwa"" style=""margin: 3px;""><span >Starannie wykonane kolczyki <br />z Cyrkonią koloru niebieskiego. Oryginalny wzór z pięknym, ażurowym zdobieniem. Prezentują się bardzo elegancko, szlachetnie i kobieco. </span></p>
<p class=""opisprzedmiotu"" style=""margin-top: 0px; margin-bottom: 3px; line-height: 17.5px;""> </p>
<p class=""opisprzedmiotu"" style=""margin-top: 0px; margin-bottom: 3px; line-height: 17.5px;""><strong>Wzór nr: 1.815c (132)</strong></p>
<p class=""opisprzedmiotu"" style=""margin-top: 0px; margin-bottom: 3px; line-height: 17.5px;""> </p>
<ul >
<li>kolor złota: żółte</li>
<li>próba: 333</li>
<li>waga: 0,89-1,04g</li>
<li>wielkość kamienia centralnego: 4,5mm</li>
<li><span >ilość kamieni: 1</span></li>
<li>nazwa kamienia: Cyrkonia</li>
<li>kolor kamienia: niebieski</li>
<li><span >całkowita szerokość korony: 7mm</span></li>
<li><span >kolczyki na sztyfcie </span></li>
</ul>";http://www.galerieallegro.pl/zdjecia/z822/8222957/big/1.jpg,http://www.galerieallegro.pl/zdjecia/z822/8222957/big/2.jpg,http://www.galerieallegro.pl/zdjecia/z822/8222957/big/3.jpg;new;Klasyczne,Rękodzieło,Wyrób jubilerski;Kamień:Cyrkonia,Kształt:,Materiał:Złoto,Rodzaj bigla:Sztyft;2
K1.815c;AŻUROWE ZŁOTE KOLCZYKI Zielona Cyrkonia 1.815c;Kolczyki;159;23;"<p class=""nazwa"" style=""margin: 3px;""><span ><strong>Złote kolczyki z kamieniem</strong></span></p>
<p class=""nazwa"" style=""margin: 3px;""> </p>
<p class=""nazwa"" style=""margin: 3px;""><span >Starannie wykonane kolczyki <br />z Cyrkonią koloru zielonego. Oryginalny wzór z pięknym, ażurowym zdobieniem. Prezentują się bardzo elegancko, szlachetnie i kobieco. </span></p>
<p class=""opisprzedmiotu"" style=""margin-top: 0px; margin-bottom: 3px; line-height: 17.5px;""> </p>
<p class=""opisprzedmiotu"" style=""margin-top: 0px; margin-bottom: 3px; line-height: 17.5px;""><strong>Wzór nr: 1.815c (133)</strong></p>
<p class=""opisprzedmiotu"" style=""margin-top: 0px; margin-bottom: 3px; line-height: 17.5px;""> </p>
<ul >
<li>kolor złota: żółte</li>
<li>próba: 333</li>
<li>waga: 0,89-1,04g</li>
<li>wielkość kamienia centralnego: 4,5mm</li>
<li><span >ilość kamieni: 1</span></li>
<li>nazwa kamienia: Cyrkonia</li>
<li>kolor kamienia: zielony</li>
<li><span >całkowita szerokość korony: 7mm</span></li>
<li><span >kolczyki na sztyfcie </span></li>
</ul>";http://www.galerieallegro.pl/zdjecia/z822/8222963/big/1.jpg,http://www.galerieallegro.pl/zdjecia/z822/8222963/big/2.jpg,http://www.galerieallegro.pl/zdjecia/z822/8222963/big/3.jpg;new;Klasyczne,Rękodzieło,Wyrób jubilerski;Kamień:Cyrkonia,Kształt:,Materiał:Złoto,Rodzaj bigla:Sztyft;2
K1.815c;AŻUROWE ZŁOTE KOLCZYKI z białą Cyrkonią 1.815c;Kolczyki;159;23;<p>Złote kolczyki z kamieniem</p><p> </p><p>Starannie wykonane kolczyki z Cyrkonią koloru białego. Oryginalny wzór z pięknym, ażurowym zdobieniem. Prezentują się bardzo elegancko, szlachetnie i kobieco. </p><p>Wzór nr: 1.815c (135) </p><ul><li>kolor złota: żółte</li><li>próba: 333</li><li>waga: 0,89-1,04g</li><li>wielkość kamienia centralnego: 4,5mm</li><li>ilość kamieni: 1</li><li>nazwa kamienia: Cyrkonia</li><li>kolor kamienia: czerwony</li><li>całkowita szerokość korony: 7mm</li><li>kolczyki na sztyfcie </li></ul>;https://3.allegroimg.com/s1440/03f046/156318c5470fafa13507d4926973,https://3.allegroimg.com/s1440/032dd1/d2740b9446389d19fc98fd2f94b3;new;Klasyczne,Orientalne,Rękodzieło,Stylizowane na stare,Wyrób jubilerski;Kamień:Cyrkonia,Kształt:,Materiał:Złoto,Rodzaj bigla:Sztyft;3
K3.2333;ZŁOTE ASYMETRYCZNE KOLCZYKI Z KAMIENIAMI 3.2333;Kolczyki;255;23;"<p class=""nazwa"" style=""margin: 3px;""><span ><strong>Złote kolczyki z kamieniami</strong></span></p>
<p class=""nazwa"" style=""margin: 3px;""> </p>
<p class=""nazwa"" style=""margin: 3px;""><span >Piękne i kobiece kolczyki z cyrkoniami.<br />Delikatny a zarazem oryginalny wzór z wygodnym, angielskim zapięciem. Prezentują się bardzo atrakcyjnie. <br />Świetnie sprawdzą się jako prezent. </span></p>
<p class=""opisprzedmiotu"" style=""margin-top: 0px; margin-bottom: 3px; line-height: 17.5px;""> </p>
<p class=""opisprzedmiotu"" style=""margin-top: 0px; margin-bottom: 3px; line-height: 17.5px;""><strong >Wzór nr: </strong><span ><strong>3.2333(131)</strong></span></p>
<p class=""opisprzedmiotu"" style=""margin-top: 0px; margin-bottom: 3px; line-height: 17.5px;""> </p>
<ul >
<li>kolor złota: żółte</li>
<li>próba: 333</li>
<li>waga: 1,52-1,59g</li>
<li>wielkość kamieni: 1,0mm</li>
<li>ilość kamieni: 13</li>
<li>nazwa kamienia: Cyrkonia</li>
<li>rodowane elementy kamieniowe</li>
<li>wielkość orientacyjna: <br />5,81 mm x 16,08 mm</li>
</ul>";http://www.galerieallegro.pl/zdjecia/z824/8245467/big/1.jpg,http://www.galerieallegro.pl/zdjecia/z824/8245467/big/2.jpg,http://www.galerieallegro.pl/zdjecia/z824/8245467/big/3.jpg;new;Klasyczne,Rękodzieło,Wyrób jubilerski;Kamień:Cyrkonia,Kształt:,Materiał:Złoto,Rodzaj bigla:Angielski;4
K3.2304;PIĘKNE ZŁOTE KOLCZYKI z cyrkoniami PREZENT 3.2304;Kolczyki;209;23;"<p class=""nazwa"" style=""margin: 3px;""><span ><strong>Złote kolczyki z kamieniami</strong></span></p>
<p class=""nazwa"" style=""margin: 3px;""> </p>
<p class=""nazwa"" style=""margin: 3px;""><span >Starannie wykonane, złote kolczyki  zdobione białymi Cyrkoniami. Posiadają wygodne, angielskie zapięcie. Prezentują się bardzo elegancko i subtelnie. <br />Idealnie sprawdzą się też jako prezent.</span></p>
<p class=""opisprzedmiotu"" style=""margin-top: 0px; margin-bottom: 3px; line-height: 17.5px;""> </p>
<p class=""opisprzedmiotu"" style=""margin-top: 0px; margin-bottom: 3px; line-height: 17.5px;""><strong >Wzór nr: </strong><span ><strong>3.2304(130)</strong></span></p>
<p class=""opisprzedmiotu"" style=""margin-top: 0px; margin-bottom: 3px; line-height: 17.5px;""> </p>
<ul >
<li>kolor złota: żółte</li>
<li>próba: 333</li>
<li>waga: 1,27-1,33g</li>
<li>wielkość kamieni: <span >1,25mm 1,5mm</span></li>
<li>ilość kamieni w jednym kolczyku: 5</li>
<li>nazwa kamienia: Cyrkonia</li>
<li>wielkość orientacyjna: 4,2 x 13,5 mm</li>
<li>angielskie zapięcie<br /><br /></li>
</ul>";http://www.galerieallegro.pl/zdjecia/z824/8245461/big/1.jpg,http://www.galerieallegro.pl/zdjecia/z824/8245461/big/2.jpg,http://www.galerieallegro.pl/zdjecia/z824/8245461/big/3.jpg;new;Klasyczne,Rękodzieło,Wyrób jubilerski;Kamień:Cyrkonia,Kształt:,Materiał:Złoto,Rodzaj bigla:Angielski;5
K1.24;ZŁOTE KOLCZYKI Piękny wzór Cyrkonie PREZENT 1.24;Kolczyki;296;23;"<p class=""nazwa"" style=""margin: 3px;""><span ><strong>Złote kolczyki z kamieniami</strong></span></p>
<p class=""nazwa"" style=""margin: 3px;""> </p>
<p class=""nazwa"" style=""margin: 3px;""><span >Piękne i kobiece kolczyki z cyrkoniami.<br />Posiadają angielskie zapięcie. Prezentują się bardzo atrakcyjnie. <br />Świetnie sprawdzą się jako prezent. </span></p>
<p class=""opisprzedmiotu"" style=""margin-top: 0px; margin-bottom: 3px; line-height: 17.5px;""> </p>
<p class=""opisprzedmiotu"" style=""margin-top: 0px; margin-bottom: 3px; line-height: 17.5px;""><strong>Wzór nr: 1.24 (101)</strong></p>
<p class=""opisprzedmiotu"" style=""margin-top: 0px; margin-bottom: 3px; line-height: 17.5px;""> </p>
<ul >
<li>kolor złota: żółte</li>
<li>próba: 333</li>
<li>waga: 1,81-1,85g</li>
<li>wielkość kamieni:1,5 ; 1,75 ; 2 mm</li>
<li>ilość kamieni: 3 </li>
<li>nazwa kamienia: cyrkonia</li>
<li>rodowane po kamieniach</li>
<li>wielkość orientacyjna: 17 x 6,6 mm</li>
</ul>";http://www.galerieallegro.pl/zdjecia/z766/7668483/big/1.jpg,http://www.galerieallegro.pl/zdjecia/z766/7668483/big/2.jpg,http://www.galerieallegro.pl/zdjecia/z766/7668483/big/3.jpg;new;Klasyczne,Rękodzieło,Wyrób jubilerski;Kamień:Cyrkonia,Kształt:,Materiał:Złoto,Rodzaj bigla:Angielski;4
K2.923;ZŁOTE KOLCZYKI KWIATKI Idealne na prezent 2.923;Kolczyki;159;23;"<p class=""nazwa"" style=""margin: 3px;""><span ><strong>Złote kolczyki z kamieniami</strong></span></p>
<p class=""nazwa"" style=""margin: 3px;""><span ><strong>KWIATKI</strong></span></p>
<p class=""nazwa"" style=""margin: 3px;""> </p>
<p class=""nazwa"" style=""margin: 3px;""><span >Bardzo urocze kolczyki kwiatki zdobione małymi, białymi cyrkoniami. <br />Są modne, wygodne i delikatne. Doskonale sprawdzą się jako prezent.</span></p>
<p class=""opisprzedmiotu"" style=""margin-top: 0px; margin-bottom: 3px; line-height: 17.5px;""> </p>
<p class=""opisprzedmiotu"" style=""margin-top: 0px; margin-bottom: 3px; line-height: 17.5px;""><strong>Wzór nr: 2.923 (112)</strong></p>
<p class=""opisprzedmiotu"" style=""margin-top: 0px; margin-bottom: 3px; line-height: 17.5px;""> </p>
<ul >
<li>kolor złota: żółte</li>
<li>próba: 333</li>
<li>waga: 0,95-0,99g</li>
<li>wielkość kamienia centralnego: 2,25mm</li>
<li><span >wielkość kamieni bocznych: 1,75mm</span></li>
<li>ilość kamieni: 5</li>
<li>nazwa kamienia: cyrkonia</li>
<li>wielkość orientacyjna: <br />średnica 6,6 mm</li>
<li>zapięcie na sztyft </li>
<li>rodowana góra kolczyka</li>
</ul>";http://www.galerieallegro.pl/zdjecia/z769/7691819/big/1.jpg,http://www.galerieallegro.pl/zdjecia/z769/7691819/big/2.jpg;new;Klasyczne,Rękodzieło,Wyrób jubilerski;Kamień:Cyrkonia,Kształt:,Materiał:Złoto,Rodzaj bigla:Sztyft;4
K3.2275;AŻUROWY WZÓR Modne złote kolczyki PREZENT 3.2275;Kolczyki;239;23;"<p class=""nazwa"" style=""margin: 3px;""><span ><strong>ZŁOTE KOLCZYKI</strong></span></p>
<p class=""nazwa"" style=""margin: 3px;""><span ><strong><br /></strong></span></p>
<p class=""nazwa"" style=""margin: 3px;""><span >Kolczyki w kształcie prostokąta, z pięknym ażurowym wzorem.<br />Posiadają angielskie zapięcie. Prezentują się bardzo atrakcyjnie. <br />Świetnie sprawdzą się jako prezent. </span></p>
<p class=""opisprzedmiotu"" style=""margin-top: 0px; margin-bottom: 3px; line-height: 17.5px;""> </p>
<p class=""opisprzedmiotu"" style=""margin-top: 0px; margin-bottom: 3px; line-height: 17.5px;""><strong >Wzór nr: </strong><span ><strong>3.2275(125)</strong></span></p>
<p class=""opisprzedmiotu"" style=""margin-top: 0px; margin-bottom: 3px; line-height: 17.5px;""> </p>
<ul >
<li>kolor złota: żółte</li>
<li>próba: 333</li>
<li>waga: 1,37-1,47g</li>
<li>wielkość orientacyjna: 4,85 x 11,5 mm</li>
</ul>";http://www.galerieallegro.pl/zdjecia/z819/8199532/big/1.jpg,http://www.galerieallegro.pl/zdjecia/z819/8199532/big/2.jpg,http://www.galerieallegro.pl/zdjecia/z819/8199532/big/3.jpg;new;Klasyczne,Rękodzieło,Wyrób jubilerski;Kamień:Bez kamienia,Kształt:,Materiał:Złoto,Rodzaj bigla:Angielski;4
K1.160;ZŁOTE KOLCZYKI z cyrkoniami Piękny Kwiatek 1.160;Kolczyki;216;23;"<p class=""nazwa"" style=""margin: 3px;""><span ><strong>Złote kolczyki z kamieniami</strong></span></p>
<p class=""nazwa"" style=""margin: 3px;""><span ><strong>KWIATEK</strong></span></p>
<p class=""nazwa"" style=""margin: 3px;""> </p>
<p class=""nazwa"" style=""margin: 3px;""><span >Piękne i kobiece kolczyki z cyrkoniami. Wzór delikatnego kwiatka. <br />Posiadają angielskie zapięcie. Prezentują się subtelnie i atrakcyjnie. <br />Świetnie sprawdzą się jako prezent. </span></p>
<p class=""opisprzedmiotu"" style=""margin-top: 0px; margin-bottom: 3px; line-height: 17.5px;""> </p>
<p class=""opisprzedmiotu"" style=""margin-top: 0px; margin-bottom: 3px; line-height: 17.5px;""><strong>Wzór nr: 1.160 (100)</strong></p>
<p class=""opisprzedmiotu"" style=""margin-top: 0px; margin-bottom: 3px; line-height: 17.5px;""> </p>
<ul >
<li>kolor złota: żółte</li>
<li>próba: 333</li>
<li>waga: 1,33-1,35g</li>
<li>wielkość kamieni: 2,25mm</li>
<li>ilość kamieni: 3 </li>
<li>nazwa kamienia: cyrkonia</li>
<li>rodowane wokół kamieni</li>
<li>wielkość orientacyjna: 13,3x7mm</li>
</ul>";http://www.galerieallegro.pl/zdjecia/z766/7668481/big/1.jpg,http://www.galerieallegro.pl/zdjecia/z766/7668481/big/2.jpg,http://www.galerieallegro.pl/zdjecia/z766/7668481/big/3.jpg;new;Klasyczne,Rękodzieło,Wyrób jubilerski;Kamień:Cyrkonia,Kształt:,Materiał:Złoto,Rodzaj bigla:Angielski;6
W3.2334;Złota przewieszka z Cyrkoniami Zawieszka 3.2334;Wisiorki;159;23;"<p class=""nazwa""><strong>ZŁOTA PRZEWIESZKA </strong></p>
<p class=""nazwa""><strong><br /></strong></p>
<p class=""nazwa"" style=""margin: 3px;"">Wykonany z największą precyzją złoty wisiorek zdobiony Cyrkoniami. <br />Ciekawy, asymetryczny wzór. </p>
<p class=""nazwa"" style=""margin: 3px;""><span >Kolczyki oraz pierścionek do kompletu znajdziesz na naszych pozostałych aukcjach. (Wzór nr 3.1533 oraz 3.2333)</span></p>
<h4></h4>
<p class=""opisprzedmiotu""><strong >Wzór nr: 3.2334(116)</strong></p>
<ul>
<li><span>kolor złota: żółty</span></li>
<li><span>próba złota: 333</span></li>
<li><span>waga: 0,90-0,98g</span></li>
<li><span>wielkość kamieni: 1,0mm</span></li>
<li><span>ilość kamieni: 25</span></li>
<li><span>nazwa kamienia: Cyrkonia</span></li>
<li><span>rodowane elementy kamieniowe</span></li>
<li><span>wielkość orientacyjna: <br />7,6mm x 18,3mm</span></li>
<br /> 
</ul>";http://www.galerieallegro.pl/zdjecia/z822/8221688/big/1.jpg,http://www.galerieallegro.pl/zdjecia/z822/8221688/big/2.jpg;new;Klasyczne,Rękodzieło,Wyrób jubilerski;Kamień:Cyrkonia,Kształt:Inny kształt,Materiał:Złoto,Rodzaj bigla:;5
W1.179;PIĘKNY ZŁOTY KRZYŻYK Chrzest Komunia PREZENT 1.179;Wisiorki;169;23;"<p class=""nazwa""><strong>PRZEWIESZKA </strong><strong>KRZYŻYK </strong></p>
<p class=""nazwa""><strong> </strong></p>
<p class=""nazwa"" style=""margin: 3px;"">Wykonany z największą precyzją złoty krzyżyk. Wzór łączy piękno żółtego i białego złota.<br /><br /></p>
<p class=""opisprzedmiotu""> </p>
<p class=""opisprzedmiotu""><strong >Wzór nr: 1.179 (82)<br /> </strong></p>
<ul>
<li><span>kolor złota: żółte + białe</span></li>
<li><span>próba złota: 333</span></li>
<li><span>waga: 0,97-1,03g</span></li>
<li><span>wielkość orientacyjna: <br />20,1 x 13,6mm</span></li>
</ul>";http://www.galerieallegro.pl/zdjecia/z781/7812283/big/1.jpg,http://www.galerieallegro.pl/zdjecia/z781/7812283/big/2.jpg;new;Klasyczne,Rękodzieło,Stylizowane na stare,Wyrób jubilerski;Kamień:Bez kamienia,Kształt:Krzyżyk,Materiał:Złoto|Złoto białe,Rodzaj bigla:;5
W1.178;PIĘKNY ZŁOTY KRZYŻYK Chrzest Komunia PREZENT 1.178;Wisiorki;149;23;"<p class=""nazwa""><strong>PRZEWIESZKA</strong></p>
<p class=""nazwa""><strong>KRZYŻYK KATOLICKI</strong></p>
<p class=""nazwa""><strong> </strong></p>
<p class=""nazwa"" style=""margin: 3px;"">Wykonany z największą precyzją złoty krzyżyk. Wzór łączy piękno żółtego i białego złota.<br /><br /></p>
<p class=""opisprzedmiotu""> </p>
<p class=""opisprzedmiotu""><strong >Wzór nr: 1.178 (83)<br /> </strong></p>
<ul>
<li><span>kolor złota: żółte + białe</span></li>
<li><span>próba złota: 333</span></li>
<li><span>waga: 0,84-0,94g</span></li>
<li><span>wielkość orientacyjna: <br />20,4 x 12,7mm</span></li>
</ul>";http://www.galerieallegro.pl/zdjecia/z778/7789768/big/1.jpg,http://www.galerieallegro.pl/zdjecia/z778/7789768/big/2.jpg;new;Klasyczne,Rękodzieło,Wyrób jubilerski;Kamień:Bez kamienia,Kształt:Krzyżyk,Materiał:Złoto|Złoto białe,Rodzaj bigla:;5
W2.1207;Okrągła złota zawieszka z cyrkoniami WAŻKA 2.1207;Wisiorki;169;23;"<p class=""nazwa""><strong>ZŁOTA ZAWIESZKA</strong></p>
<p class=""nazwa""><strong>WAŻKA<br /> </strong></p>
<p class=""nazwa"" style=""margin: 3px;"">Wykonany z największą precyzją złoty wisiorek zdobiony cyrkoniami.<br /><br /></p>
<p class=""opisprzedmiotu""> </p>
<p class=""opisprzedmiotu""><strong >Wzór nr: 2.1207 (90)</strong></p>
<ul>
<li><span>kolor złota: żółty</span></li>
<li><span>próba złota: 333</span></li>
<li><span>waga: 1,00-1,04g</span></li>
<li><span>średnica 12,6 mm</span></li>
<li><span>wielkość kamieni: 2,25 mm</span></li>
<li><span>ilość kamieni: 21</span></li>
<li><span>rodowany środkowy element</span></li>
<br /> 
</ul>";http://www.galerieallegro.pl/zdjecia/z778/7789719/big/1.jpg,http://www.galerieallegro.pl/zdjecia/z778/7789719/big/2.jpg;new;Klasyczne,Rękodzieło,Wyrób jubilerski;Kamień:Cyrkonia,Kształt:Kółko,Materiał:Złoto,Rodzaj bigla:;5
W3.2341;Złota zawieszka Serca DUŻY KAMIEŃ SERCE 3.2341;Wisiorki;136;23;"<p class=""nazwa""><strong>ZŁOTA PRZEWIESZKA  <br />Z KAMIENIEM<br />PODWÓJNE SERCE </strong></p>
<p class=""nazwa""><strong><br /></strong></p>
<p class=""nazwa"" style=""margin: 3px;"">Złoty wisiorek w kształcie serc zdobiony dużą, białą Cyrkonią. Rodowane mniejsze serce.<br />Idealnie sprawdzi się jako prezent.</p>
<p class=""opisprzedmiotu""> </p>
<p class=""opisprzedmiotu""><strong >Wzór nr: 3.2341(197)</strong></p>
<ul>
<li><span>kolor złota: żółty</span></li>
<li><span>próba złota: 333</span></li>
<li><span>waga: 0,79-0,85g</span></li>
<li><span>wielkość kamienia: 5mm</span></li>
<li><span>ilość kamieni: 1</span></li>
<li><span>nazwa kamienia: Cyrkonia</span></li>
<li><span>wysokość: 1,9mm</span></li>
<li><span>szerokość: 1,2mm</span></li>
<li><span>rodowany środkowy element</span></li>
</ul>";http://www.galerieallegro.pl/zdjecia/z840/8409396/big/1.jpg,http://www.galerieallegro.pl/zdjecia/z840/8409396/big/2.jpg;new;Klasyczne,Rękodzieło,Wyrób jubilerski;Kamień:Cyrkonia,Kształt:Serce,Materiał:Złoto,Rodzaj bigla:;6
W3.2274;ANIOŁEK Złota przewieszka Zawieszka 3.2274 PREZENT;Wisiorki;205;23;"<p class=""nazwa""><strong>ZŁOTA PRZEWIESZKA </strong></p>
<p class=""nazwa""><strong>ANIOŁ Z KAMIENIEM</strong></p>
<p class=""nazwa""><strong><br /></strong></p>
<p class=""nazwa"" style=""margin: 3px;"">Wykonany z największą precyzją złoty wisiorek zdobiony Cyrkonią.</p>
<h4></h4>
<p class=""opisprzedmiotu""><strong >Wzór nr: 3.2274(198)</strong></p>
<ul>
<li><span>kolor złota: żółty</span></li>
<li><span>próba złota: 333</span></li>
<li><span>waga: 1,21-1,28g</span></li>
<li><span>wielkość kamienia: 3,5mm</span></li>
<li><span>ilość kamieni: 1</span></li>
<li><span>nazwa kamienia: Cyrkonia</span></li>
<li><span>rodowane łapki kamienia</span></li>
<li><span>wielkość orientacyjna: <br />19,2mm x 13,1mm</span></li>
<br /> 
</ul>";http://www.galerieallegro.pl/zdjecia/z845/8452064/big/1.jpg,http://www.galerieallegro.pl/zdjecia/z845/8452064/big/2.jpg;new;Klasyczne,Rękodzieło,Wyrób jubilerski;Kamień:Cyrkonia,Kształt:Inny kształt,Materiał:Złoto,Rodzaj bigla:;4
W2.803;NACINANA ZŁOTA ZAWIESZKA AŻUROWA piękny wzór 2.803;Wisiorki;119;23;"<p class=""nazwa""><strong>NACINANA ZAWIESZKA</strong></p>
<p class=""nazwa""><strong><br /></strong></p>
<p class=""nazwa"" style=""margin: 3px;"">Wykonany z największą precyzją złoty wisiorek o oryginalnym wzorze. Prezentuje się bardzo atrakcyjnie. Podkreśli charakter każdej stylizacji.</p>
<p class=""opisprzedmiotu""> </p>
<p class=""opisprzedmiotu""><strong >Wzór nr: 2.803 (84)</strong></p>
<ul>
<li><span>kolor złota: żółty</span></li>
<li><span>próba złota: 333</span></li>
<li><span>waga: 0,66-0,73g</span></li>
<li><span>średnica 14,2mm</span></li>
<br /> 
</ul>";http://www.galerieallegro.pl/zdjecia/z778/7789685/big/1.jpg,http://www.galerieallegro.pl/zdjecia/z778/7789685/big/2.jpg;new;Klasyczne,Orientalne,Rękodzieło,Wyrób jubilerski;Kamień:Bez kamienia,Kształt:Kółko,Materiał:Złoto,Rodzaj bigla:;5
W3.2342;Złota zawieszka z Cyrkoniami SERCE 3.2342 PREZENT;Wisiorki;199;23;"<p class=""nazwa""><strong>PRZEWIESZKA  Z KAMIENIAMI <br />DUŻE SERCE </strong></p>
<p class=""nazwa""><strong><br /></strong></p>
<p class=""nazwa"" style=""margin: 3px;"">Złoty wisiorek w kształcie serca zdobiony białymi cyrkoniami. <br />Idealnie sprawdzi się jako prezent.</p>
<p class=""opisprzedmiotu""> </p>
<p class=""opisprzedmiotu""><strong >Wzór nr: 3.2342(122)</strong></p>
<ul>
<li><span>kolor złota: żółty</span></li>
<li><span>próba złota: 333</span></li>
<li><span>waga: 1,10-1,20g</span></li>
<li><span>wielkość kamieni: 1,5mm</span></li>
<li><span>ilość kamieni: 12</span></li>
<li><span>nazwa kamienia: Cyrkonia</span></li>
<li><span>wielkość orientacyjna: 12,7x13,4mm</span></li>
<li><span>rodowane elementy kamieniowe<br /> </span></li>
</ul>";http://www.galerieallegro.pl/zdjecia/z822/8222585/big/1.jpg,http://www.galerieallegro.pl/zdjecia/z822/8222585/big/2.jpg;new;Klasyczne,Rękodzieło,Wyrób jubilerski;Kamień:Cyrkonia,Kształt:Serce,Materiał:Złoto,Rodzaj bigla:;5
W3.2338;Złota zawieszka z Cyrkoniami PODWÓJNE SERCE 3.2338;Wisiorki;169;23;"<p class=""nazwa""><strong>ZŁOTA PRZEWIESZKA  <br />Z KAMIENIAMI <br />PODWÓJNE SERCE </strong></p>
<p class=""nazwa""><strong><br /></strong></p>
<p class=""nazwa"" style=""margin: 3px;"">Złoty wisiorek w kształcie serc zdobiony białymi cyrkoniami. Rodowane mniejsze serce.<br />Idealnie sprawdzi się jako prezent.</p>
<p class=""opisprzedmiotu""> </p>
<p class=""opisprzedmiotu""><strong >Wzór nr: 3.2338(121)</strong></p>
<ul>
<li><span>kolor złota: żółty</span></li>
<li><span>próba złota: 333</span></li>
<li><span>waga: 0,99-1,05g</span></li>
<li><span>wielkość kamieni: 1,2mm</span></li>
<li><span>ilość kamieni: 6</span></li>
<li><span>nazwa kamienia: Cyrkonia</span></li>
<li><span>rodowane elementy</span></li>
</ul>";http://www.galerieallegro.pl/zdjecia/z822/8222239/big/1.jpg,http://www.galerieallegro.pl/zdjecia/z822/8222239/big/2.jpg;new;Klasyczne,Rękodzieło,Wyrób jubilerski;Kamień:Cyrkonia,Kształt:Serce,Materiał:Złoto,Rodzaj bigla:;5
W3.2337;Złota zawieszka wisiorek Cyrkonie SERCE 3.2337;Wisiorki;166;23;"<p class=""nazwa""><strong>ZŁOTA PRZEWIESZKA  <br />Z KAMIENIAMI <br />PODWÓJNE SERCE </strong></p>
<p class=""nazwa""><strong><br /></strong></p>
<p class=""nazwa"" style=""margin: 3px;"">Złoty wisiorek w kształcie serc zdobiony białymi cyrkoniami. <br />Idealnie sprawdzi się jako prezent.</p>
<p class=""opisprzedmiotu""> </p>
<p class=""opisprzedmiotu""><strong >Wzór nr: 3.2337(115)</strong></p>
<ul>
<li><span>kolor złota: żółty</span></li>
<li><span>próba złota: 333</span></li>
<li><span>waga: 1,0-1,4g</span></li>
<li><span>wielkość kamieni: 1,0mm</span></li>
<li><span>ilość kamieni: 6</span></li>
<li><span>nazwa kamienia: Cyrkonia</span></li>
<li><span>wielkość orientacyjna: <br />12mm x 11,5mm</span></li>
<li><span>rodowane elementy kamieniowe</span></li>
</ul>";http://www.galerieallegro.pl/zdjecia/z822/8221920/big/1.jpg,http://www.galerieallegro.pl/zdjecia/z822/8221920/big/2.jpg;new;Klasyczne,Rękodzieło,Wyrób jubilerski;Kamień:Cyrkonia,Kształt:Serce,Materiał:Złoto,Rodzaj bigla:;5
W3.2339;Złota zawieszka wisiorek Prezent DUŻE SERCE 3.2339;Wisiorki;209;23;"<p class=""nazwa""><strong>PRZEWIESZKA  Z KAMIENIAMI <br />DUŻE SERCE </strong></p>
<p class=""nazwa""><strong><br /></strong></p>
<p class=""nazwa"" style=""margin: 3px;"">Złoty wisiorek w kształcie serc zdobiony białymi cyrkoniami. <br />Idealnie sprawdzi się jako prezent.</p>
<p class=""opisprzedmiotu""> </p>
<p class=""opisprzedmiotu""><strong >Wzór nr: 3.2339(117)</strong></p>
<ul>
<li><span>kolor złota: żółty</span></li>
<li><span>próba złota: 333</span></li>
<li><span>waga: 1,24-1,32g</span></li>
<li><span>wielkość kamieni: 1,75mm</span></li>
<li><span>ilość kamieni: 14</span></li>
<li><span>nazwa kamienia: Cyrkonia</span></li>
<li><span>wielkość orientacyjna: 19,5x16,3mm</span></li>
<li><span>rodowane elementy kamieniowe<br /> </span></li>
</ul>";http://www.galerieallegro.pl/zdjecia/z822/8222554/big/1.jpg,http://www.galerieallegro.pl/zdjecia/z822/8222554/big/2.jpg;new;Klasyczne,Rękodzieło,Wyrób jubilerski;Kamień:Cyrkonia,Kształt:Serce,Materiał:Złoto,Rodzaj bigla:;5
W3.2336;Złota zawieszka z Cyrkoniami SERCE 3.2336 PREZENT;Wisiorki;169;23;"<p class=""nazwa""><strong>PRZEWIESZKA  Z KAMIENIAMI <br />SERCE </strong></p>
<p class=""nazwa""><strong><br /></strong></p>
<p class=""nazwa"" style=""margin: 3px;"">Złoty wisiorek w kształcie serc zdobiony białymi cyrkoniami. <br />Idealnie sprawdzi się jako prezent.</p>
<p class=""opisprzedmiotu""> </p>
<p class=""opisprzedmiotu""><strong >Wzór nr: 3.2336(120)</strong></p>
<ul>
<li><span>kolor złota: żółty</span></li>
<li><span>próba złota: 333</span></li>
<li><span>waga: 0,93-1,02g</span></li>
<li><span>wielkość kamieni: 1,75mm</span></li>
<li><span>ilość kamieni: 5</span></li>
<li><span>nazwa kamienia: Cyrkonia</span></li>
<li><span>wielkość orientacyjna: 12,8x12,3mm</span></li>
<li><span>rodowane elementy kamieniowe<br /> </span></li>
</ul>";http://www.galerieallegro.pl/zdjecia/z822/8221866/big/1.jpg,http://www.galerieallegro.pl/zdjecia/z822/8221866/big/2.jpg;new;Klasyczne,Rękodzieło,Wyrób jubilerski;Kamień:Cyrkonia,Kształt:Serce,Materiał:Złoto,Rodzaj bigla:;4
W2.829;Złota zawieszka nacinana AŻUROWY WZÓR ROMB  2.829;Wisiorki;179;23;"<p class=""nazwa""><strong>AŻUROWA ZAWIESZKA<br />ROMB </strong></p>
<p class=""nazwa""><strong><br /></strong></p>
<p class=""nazwa"" style=""margin: 3px;"">Wykonany z największą precyzją złoty wisiorek w kształcie rombu. Bardzo modny, ażurowy wzór. </p>
<p class=""opisprzedmiotu""> </p>
<p class=""opisprzedmiotu""><strong >Wzór nr: 2.829 (95)</strong></p>
<ul>
<li><span>kolor złota: żółty</span></li>
<li><span>próba złota: 333</span></li>
<li><span>waga: 1,01-1,18g</span></li>
<li><span>wielkość orientacyjna: 13,3 x 29,2 mm</span></li>
<br /> 
</ul>";http://www.galerieallegro.pl/zdjecia/z769/7692083/big/1.jpg,http://www.galerieallegro.pl/zdjecia/z769/7692083/big/2.jpg;new;Klasyczne,Orientalne,Rękodzieło,Wyrób jubilerski;Kamień:Bez kamienia,Kształt:Inny kształt,Materiał:Złoto,Rodzaj bigla:;5
W2.804;Złota zawieszka Wisiorek Cyrkonie KÓŁKO 2.804;Wisiorki;165;23;"<p class=""nazwa""><strong>ZAWIESZKA Z KAMIENIAMI</strong></p>
<p class=""nazwa""><strong><br /></strong></p>
<p class=""nazwa"" style=""margin: 3px;"">Wykonany z największą precyzją złoty wisiorek zdobiony cyrkoniami. Okrągły wzór prezentuje się bardzo subtelnie i atrakcyjnie. <br />Zawieszka świetnie sprawdzi się też jako prezent na każdą okazję.</p>
<p class=""opisprzedmiotu""> </p>
<p class=""opisprzedmiotu""><strong >Wzór nr: 2.804 (91)</strong></p>
<ul>
<li><span>kolor złota: żółty</span></li>
<li><span>próba złota: 333</span></li>
<li><span>waga: 1,01-1,04g</span></li>
<li><span>wielkość kamienia centralnego: 2mm</span></li>
<li><span>wielkość kamieni bocznych: 1,25mm</span></li>
<li><span>ilość kamieni: 20</span></li>
<li><span>orientacyjna wielkość:<br /> średnica ok. 11,5 mm</span></li>
<br /> 
</ul>";http://www.galerieallegro.pl/zdjecia/z770/7708138/big/1.jpg,http://www.galerieallegro.pl/zdjecia/z770/7708138/big/2.jpg;new;Klasyczne,Rękodzieło,Wyrób jubilerski;Kamień:Cyrkonia,Kształt:Kółko,Materiał:Złoto,Rodzaj bigla:;5
W2.1185;Złota zawieszka Serce Cyrkonie SERCA 2.1185;Wisiorki;179;23;"<p class=""nazwa""><strong>ZAWIESZKA Z CYRKONIAMI<br />SERCA </strong></p>
<p class=""nazwa""><strong><br /></strong></p>
<p class=""nazwa"" style=""margin: 3px;"">Bardzo modny wzór serduszek pięknie połączonych w okrąg. <br />Zawieszka świetnie sprawdzi się też jako prezent na każdą okazję.</p>
<p class=""opisprzedmiotu""> </p>
<p class=""opisprzedmiotu""><strong >Wzór nr: 2.1185 (88)</strong></p>
<ul>
<li><span>kolor złota: żółty</span></li>
<li><span>próba złota: 333</span></li>
<li><span>waga: 1,09-1,12g</span></li>
<li><span>wielkość kamieni bocznych: 1,25mm</span></li>
<li><span>ilość kamieni: 24</span></li>
<li><span>orientacyjna wielkość: śr. 13,9mm</span></li>
<li><span>rodowane elementy<br /><br /></span></li>
</ul>";http://www.galerieallegro.pl/zdjecia/z770/7708279/big/1.jpg,http://www.galerieallegro.pl/zdjecia/z770/7708279/big/2.jpg;new;Klasyczne,Rękodzieło,Wyrób jubilerski;Kamień:Cyrkonia,Kształt:Serce,Materiał:Złoto,Rodzaj bigla:;6
W2.798;ZŁOTA ZAWIESZKA SERCE nacinana ażurowy wzór 2.798;Wisiorki;185;23;"<p class=""nazwa""><strong>NACINANA ZAWIESZKA<br />SERDUSZKO </strong></p>
<p class=""nazwa""><strong><br /></strong></p>
<p class=""nazwa"" style=""margin: 3px;"">Wykonany z największą precyzją złoty wisiorek w kształcie serca. Bardzo modny, nacinany wzór. </p>
<p class=""opisprzedmiotu""> </p>
<p class=""opisprzedmiotu""><strong >Wzór nr: 2.798 (94)</strong></p>
<ul>
<li><span>kolor złota: żółty</span></li>
<li><span>próba złota: 333</span></li>
<li><span>waga: 1,14-1,16g</span></li>
<li><span>wielkość orientacyjna: 18,2 x 18,5mm</span></li>
<br /> 
</ul>";http://www.galerieallegro.pl/zdjecia/z769/7692172/big/1.jpg,http://www.galerieallegro.pl/zdjecia/z769/7692172/big/2.jpg;new;Klasyczne,Rękodzieło,Wyrób jubilerski;Kamień:Bez kamienia,Kształt:Serce,Materiał:Złoto,Rodzaj bigla:;5
W2.1009;ZŁOTA PRZEWIESZKA DUŻY KAMIEŃ CYRKONIE 2.1009;Wisiorki;239;23;"<p class=""nazwa""><strong>ZAWIESZKA Z KAMIENIAMI<br /></strong></p>
<p class=""nazwa""><strong><br /></strong></p>
<p class=""nazwa"" style=""margin: 3px;"">Wykonany z największą precyzją złoty wisiorek zdobiony cyrkoniami. <br />Zawieszka świetnie sprawdzi się też jako prezent na każdą okazję.</p>
<p class=""opisprzedmiotu""> </p>
<p class=""opisprzedmiotu""><strong >Wzór nr: 2.1009 (89)</strong></p>
<ul>
<li><span>kolor złota: żółty</span></li>
<li><span>próba złota: 333</span></li>
<li><span>waga: 1,48g</span></li>
<li><span>wielkość kamienia centralnego: <br />Oktagon 6x8mm</span></li>
<li><span>wielkość kamieni bocznych: 1mm</span></li>
<li><span>ilość kamieni: 29</span></li>
<li><span>orientacyjna wielkość: 9,2 x 12,5 mm<br /><br /></span></li>
</ul>";http://www.galerieallegro.pl/zdjecia/z781/7812337/big/1.jpg,http://www.galerieallegro.pl/zdjecia/z781/7812337/big/2.jpg;new;Klasyczne,Rękodzieło,Wyrób jubilerski;Kamień:Cyrkonia,Kształt:Inny kształt,Materiał:Złoto,Rodzaj bigla:;4
W2.1182;Złota zawieszka Cyrkonie kształt SERC SERCE 2.1182;Wisiorki;189;23;"<p class=""nazwa""><strong>ZŁOTA PRZEWIESZKA  <br />Z KAMIENIAMI <br />PODWÓJNE SERCE </strong></p>
<p class=""nazwa""><strong><br /></strong></p>
<p class=""nazwa"" style=""margin: 3px;"">Złoty wisiorek w kształcie serc zdobiony białymi cyrkoniami. Rodowane mniejsze serce.<br />Idealnie sprawdzi się jako prezent.</p>
<p class=""opisprzedmiotu""> </p>
<p class=""opisprzedmiotu""><strong >Wzór nr: 2.1182 (123)</strong></p>
<ul>
<li><span>kolor złota: żółty</span></li>
<li><span>próba złota: 333</span></li>
<li><span>waga: 1,14-1,17g</span></li>
<li><span>wielkość kamieni: 1,25mm</span></li>
<li><span>ilość kamieni: 32</span></li>
<li><span>nazwa kamienia: Cyrkonia</span></li>
<li><span>wielkość orientacyjna: 14,9 x 20,03mm</span></li>
<li><span>rod: rodowany środkowy element</span></li>
</ul>";http://www.galerieallegro.pl/zdjecia/z819/8199243/big/1.jpg,http://www.galerieallegro.pl/zdjecia/z819/8199243/big/2.jpg;new;Klasyczne,Rękodzieło,Wyrób jubilerski;Kamień:Cyrkonia,Kształt:Serce,Materiał:Złoto,Rodzaj bigla:;6
W1.824;Złota zawieszka 3D NIESKOŃCZONOŚĆ SERCE 1.824;Wisiorki;339;23;"<p class=""nazwa""><strong>PRZEWIESZKA SERCE 3D</strong></p>
<p class=""nazwa""><strong><br /></strong></p>
<p class=""nazwa"" style=""margin: 3px;"">Wykonany z największą precyzją złoty wisiorek w kształcie serca, bogato zdobiony Cyrkoniami. <br />Unikalny wzór 3D. Bardzo modny wzór nieskończoności. Zawieszkę można nosić dwustronnie.</p>
<p class=""opisprzedmiotu""> </p>
<p class=""opisprzedmiotu""><strong >Wzór nr: 1.824 (118) </strong></p>
<ul>
<li><span>kolor złota: żółty</span></li>
<li><span>próba złota: 333</span></li>
<li><span>waga: 1,97-2,12g</span></li>
<li><span>wielkość kamieni: 1,5mm</span></li>
<li><span>ilość kamieni: 50</span></li>
<li><span>nazwa kamienia: Cyrkonia</span></li>
<li><span>wielkość orientacyjna: <br />12,5mm x 15mm</span></li>
<br /> 
</ul>";http://www.galerieallegro.pl/zdjecia/z819/8199116/big/1.jpg,http://www.galerieallegro.pl/zdjecia/z819/8199116/big/2.jpg,http://www.galerieallegro.pl/zdjecia/z819/8199116/big/3.jpg,http://www.galerieallegro.pl/zdjecia/z819/8199116/big/4.jpg;new;Klasyczne,Rękodzieło,Wyrób jubilerski;Kamień:Cyrkonia,Kształt:Serce,Materiał:Złoto,Rodzaj bigla:;3
K1.753;Delikatne złote kolczyki z Cyrkonią PREZENT! 1.753;Kolczyki;179;23;"<p class=""nazwa"" style=""margin: 3px;""><span ><strong>Złote kolczyki z Cyrkonią</strong></span></p>
<p class=""nazwa"" style=""margin: 3px;""> </p>
<p class=""nazwa"" style=""margin: 3px;"">Subtelne i delikatne kolczyki z wygodnym zapięciem na sztyft. <br />Idealnie będą pasować zarówno do codziennej jak i wieczornej stylizacji.<br />Doskonale sprawdzą się też jako prezent.</p>
<p class=""opisprzedmiotu"" style=""margin-top: 0px; margin-bottom: 3px; line-height: 17.5px;""> </p>
<p class=""opisprzedmiotu"" style=""margin-top: 0px; margin-bottom: 3px; line-height: 17.5px;""><strong>Wzór nr: 1.753 (113)</strong></p>
<p class=""opisprzedmiotu"" style=""margin-top: 0px; margin-bottom: 3px; line-height: 17.5px;""> </p>
<ul >
<li>kolor złota: żółte</li>
<li>próba: 333</li>
<li>waga: 1,11-1,14g</li>
<li>wielkość kamienia: 3,5mm</li>
<li>ilość kamieni: 1</li>
<li>nazwa kamienia: cyrkonia</li>
<li>wielkość orientacyjna: 5,8 x 5,6 mm</li>
<li>zapięcie na sztyft </li>
</ul>";http://www.galerieallegro.pl/zdjecia/z768/7684430/big/1.jpg,http://www.galerieallegro.pl/zdjecia/z768/7684430/big/2.jpg;new;Klasyczne,Rękodzieło,Wyrób jubilerski;Kamień:Cyrkonia,Kształt:,Materiał:Złoto,Rodzaj bigla:Sztyft;2
K3.2276;AŻUROWY WZÓR Modne złote kolczyki PREZENT 3.2276;Kolczyki;289;23;"<p class=""nazwa"" style=""margin: 3px;""><span ><strong>ZŁOTE KOLCZYKI</strong></span></p>
<p class=""nazwa"" style=""margin: 3px;""><span ><strong><br /></strong></span></p>
<p class=""nazwa"" style=""margin: 3px;""><span >Kolczyki w kształcie prostokąta, zdobione małymi, białymi Cyrkoniami.<br /><br />Eleganckie pudełko otrzymasz gratis. </span></p>
<p class=""opisprzedmiotu"" style=""margin-top: 0px; margin-bottom: 3px; line-height: 17.5px;""> </p>
<p class=""opisprzedmiotu"" style=""margin-top: 0px; margin-bottom: 3px; line-height: 17.5px;""><strong >Wzór nr: </strong><span ><strong>3.2276(194)</strong></span></p>
<p class=""opisprzedmiotu"" style=""margin-top: 0px; margin-bottom: 3px; line-height: 17.5px;""> </p>
<ul >
<li>kolor złota: żółte</li>
<li>próba: 333</li>
<li>waga: 1,78-1,83g</li>
<li>wielkość orientacyjna: 4,8x13,1 mm</li>
<li>wielkość kamieni: 1,25mm</li>
<li>ilość kamieni w kolczyku: 5</li>
<li>rodowane miejsca kamienia</li>
</ul>";http://www.galerieallegro.pl/zdjecia/z845/8452112/big/1.jpg,http://www.galerieallegro.pl/zdjecia/z845/8452112/big/2.jpg,http://www.galerieallegro.pl/zdjecia/z845/8452112/big/3.jpg;new;Klasyczne,Rękodzieło,Wyrób jubilerski;Kamień:Cyrkonia,Kształt:,Materiał:Złoto,Rodzaj bigla:Angielski;5
K3.2299;BŁYSZCZĄCE PIĘKNE ZŁOTE KOLCZYKI KWIATEK 3.2299;Kolczyki;239;23;"<p class=""nazwa"" style=""margin: 3px;""><span ><strong>Złote kolczyki z Cyrkoniami</strong></span></p>
<p class=""nazwa"" style=""margin: 3px;""><span ><strong>KWIATEK</strong></span></p>
<p class=""nazwa"" style=""margin: 3px;""> </p>
<p class=""nazwa"" style=""margin: 3px;""><span >Kolczyki zdobione białymi Cyrkoniami. Posiadają angielskie zapięcie.<br />Idealnie sprawdzą się też jako prezent na każdą okazję. </span></p>
<p class=""opisprzedmiotu"" style=""margin-top: 0px; margin-bottom: 3px; line-height: 17.5px;""> </p>
<p class=""opisprzedmiotu"" style=""margin-top: 0px; margin-bottom: 3px; line-height: 17.5px;""><strong >Wzór nr: </strong><span ><strong>3.2299(189)</strong></span></p>
<p class=""opisprzedmiotu"" style=""margin-top: 0px; margin-bottom: 3px; line-height: 17.5px;""> </p>
<ul >
<li>kolor złota: żółte</li>
<li>próba: 333</li>
<li>waga: 1,48-1,52g</li>
<li>wielkość kamienia centralnego: 2,5mm</li>
<li>wielkość kamieni bocznych: 2,25mm + markiza 4x2mm</li>
<li>nazwa kamienia: Cyrkonia</li>
<li>ilość kamieni w kolczyku: 7</li>
<li>wielkość orientacyjna:12,5x6,5mm</li>
<li>rodowane łapki centralnego kamienia</li>
</ul>";http://www.galerieallegro.pl/zdjecia/z845/8452279/big/1.jpg,http://www.galerieallegro.pl/zdjecia/z845/8452279/big/2.jpg,http://www.galerieallegro.pl/zdjecia/z845/8452279/big/3.jpg;new;Klasyczne,Rękodzieło,Wyrób jubilerski;Kamień:Cyrkonia,Kształt:,Materiał:Złoto,Rodzaj bigla:Angielski;5
K3.2300;BOGATO ZDOBIONE ZŁOTE KOLCZYKI WZÓR KAMIEŃ 3.2300;Kolczyki;299;23;"<p class=""nazwa"" style=""margin: 3px;""><span ><strong>Złote kolczyki z Cyrkoniami</strong></span></p>
<p class=""nazwa"" style=""margin: 3px;""> </p>
<p class=""nazwa"" style=""margin: 3px;""><span >Posiadają wygodne angielskie zapięcie. Pięknie podkreślą charakter każdej stylizacji. Prezentują się bardzo elegancko, szlachetnie i kobieco. </span></p>
<p class=""opisprzedmiotu"" style=""margin-top: 0px; margin-bottom: 3px; line-height: 17.5px;""> </p>
<p class=""opisprzedmiotu"" style=""margin-top: 0px; margin-bottom: 3px; line-height: 17.5px;""><strong >Wzór nr: </strong><span ><strong>3.2300(195)</strong></span></p>
<p class=""opisprzedmiotu"" style=""margin-top: 0px; margin-bottom: 3px; line-height: 17.5px;""> </p>
<ul >
<li>kolor złota: żółte</li>
<li>próba: 333</li>
<li>waga: 1,87-1,93g</li>
<li>wielkość kamienia centralnego: bagietka 5x3mm</li>
<li>wielkość kamieni bocznych: 1,5mm</li>
<li><span >ilość kamieni w kolczyku: 17</span></li>
<li>nazwa kamienia: Cyrkonia</li>
<li>rodowane łapki cenralnego kamienia</li>
<li>wielkość orientacyjna: 7mm x 12,3mm</li>
</ul>";http://www.galerieallegro.pl/zdjecia/z845/8452326/big/1.jpg,http://www.galerieallegro.pl/zdjecia/z845/8452326/big/2.jpg,http://www.galerieallegro.pl/zdjecia/z845/8452326/big/3.jpg;new;Klasyczne,Rękodzieło,Stylizowane na stare,Wyrób jubilerski;Kamień:Cyrkonia,Kształt:,Materiał:Złoto,Rodzaj bigla:Angielski;4
K3.2277;Złote kolczyki 3D sześcian Mieniące kolory 3.2277;Kolczyki;128;23;"<p class=""nazwa"" style=""margin: 3px;""><span ><strong>Złote kolczyki z kamieniem</strong></span></p>
<p class=""nazwa"" style=""margin: 3px;""> </p>
<p class=""nazwa"" style=""margin: 3px;""><span >Złote kolczyki zdobione kamieniem mieniącym się różnymi kolorami. </span></p>
<p class=""opisprzedmiotu"" style=""margin-top: 0px; margin-bottom: 3px; line-height: 17.5px;""> </p>
<p class=""opisprzedmiotu"" style=""margin-top: 0px; margin-bottom: 3px; line-height: 17.5px;""><strong >Wzór nr: </strong><span ><strong>3.2277(200)</strong></span></p>
<p class=""opisprzedmiotu"" style=""margin-top: 0px; margin-bottom: 3px; line-height: 17.5px;""> </p>
<ul >
<li>kolor złota: żółte</li>
<li>próba: 333</li>
<li>waga: 0,7-0,8g</li>
<li>wielkość kamienia centralnego: 4mm</li>
<li><span >ilość kamieni: 1</span></li>
<li>nazwa kamienia: Cyrkonia Crystal z polaryzacją</li>
<li><span >całkowita szerokość korony: 5,2x6,3mm</span></li>
<li><span >kolczyki na sztyfcie </span></li>
</ul>";http://www.galerieallegro.pl/zdjecia/z845/8452169/big/1.jpg,http://www.galerieallegro.pl/zdjecia/z845/8452169/big/2.jpg,http://www.galerieallegro.pl/zdjecia/z845/8452169/big/3.jpg;new;Klasyczne,Rękodzieło,Wyrób jubilerski;Kamień:Cyrkonia,Kształt:,Materiał:Złoto,Rodzaj bigla:Sztyft;3
K1.79;Delikatne Złote kolczyki z Cyrkonią PREZENT 1.79;Kolczyki;144;23;"<p class=""nazwa"" style=""margin: 3px;""><span ><strong>Złote kolczyki z Cyrkonią</strong></span></p>
<p class=""nazwa"" style=""margin: 3px;""> </p>
<p class=""nazwa"" style=""margin: 3px;"">Subtelne i delikatne kolczyki z wygodnym zapięciem na sztyft. <br />Idealnie będą pasować zarówno do codziennej jak i wieczornej stylizacji.<br />Doskonale sprawdzą się też jako prezent.</p>
<p class=""opisprzedmiotu"" style=""margin-top: 0px; margin-bottom: 3px; line-height: 17.5px;""> </p>
<p class=""opisprzedmiotu"" style=""margin-top: 0px; margin-bottom: 3px; line-height: 17.5px;""><strong>Wzór nr: 1.79 (114)</strong></p>
<p class=""opisprzedmiotu"" style=""margin-top: 0px; margin-bottom: 3px; line-height: 17.5px;""> </p>
<ul >
<li>kolor złota: żółte</li>
<li>próba: 333</li>
<li>waga: 0,88-0,90g</li>
<li>wielkość kamienia: 4 mm</li>
<li>ilość kamieni: 1</li>
<li>nazwa kamienia: cyrkonia</li>
<li>wielkość orientacyjna: <br />średnica 5,6 mm</li>
<li>zapięcie na sztyft </li>
</ul>";http://www.galerieallegro.pl/zdjecia/z768/7684508/big/1.jpg,http://www.galerieallegro.pl/zdjecia/z768/7684508/big/2.jpg;new;Klasyczne,Rękodzieło,Wyrób jubilerski;Kamień:Cyrkonia,Kształt:,Materiał:Złoto,Rodzaj bigla:Sztyft;4
K2.1174;Złote kolczyki z Cyrkonią KWIATKI Prezent 2.1174;Kolczyki;149;23;"<p class=""nazwa"" style=""margin: 3px;""><span ><strong>Złote kolczyki z kamieniem</strong></span></p>
<p class=""nazwa"" style=""margin: 3px;""><span ><strong>KWIATKI</strong></span></p>
<p class=""nazwa"" style=""margin: 3px;""> </p>
<p class=""nazwa"" style=""margin: 3px;""><span >Bardzo urocze kolczyki kwiatki zdobione małą, białą cyrkonią. <br />Są modne, wygodne i delikatne. Doskonale sprawdzą się jako prezent.</span></p>
<p class=""opisprzedmiotu"" style=""margin-top: 0px; margin-bottom: 3px; line-height: 17.5px;""> </p>
<p class=""opisprzedmiotu"" style=""margin-top: 0px; margin-bottom: 3px; line-height: 17.5px;""><strong>Wzór nr: 2.1174 (108)</strong></p>
<p class=""opisprzedmiotu"" style=""margin-top: 0px; margin-bottom: 3px; line-height: 17.5px;""> </p>
<ul >
<li>kolor złota: żółte</li>
<li>próba: 333</li>
<li>waga: 0,88-0,92g</li>
<li>wielkość kamienia:1,75mm</li>
<li>ilość kamieni: 1</li>
<li>nazwa kamienia: cyrkonia</li>
<li>wielkość orientacyjna: <br />średnica 8,5 mm</li>
<li>zapięcie na sztyft </li>
</ul>";http://www.galerieallegro.pl/zdjecia/z768/7684390/big/1.jpg,http://www.galerieallegro.pl/zdjecia/z768/7684390/big/2.jpg;new;Klasyczne,Rękodzieło,Wyrób jubilerski;Kamień:Cyrkonia,Kształt:,Materiał:Złoto,Rodzaj bigla:Sztyft;5
K2.1179;ZŁOTE KOLCZYKI NA PREZENT CYRKONIE KWIATKI  2.1179;Kolczyki;169;23;"<p class=""nazwa"" style=""margin: 3px;""><span ><strong>Złote kolczyki z kamieniami</strong></span></p>
<p class=""nazwa"" style=""margin: 3px;""><span ><strong>KWIATKI</strong></span></p>
<p class=""nazwa"" style=""margin: 3px;""> </p>
<p class=""nazwa"" style=""margin: 3px;""><span >Bardzo urocze kolczyki kwiatki zdobione małą, białą cyrkonią. <br />Są modne, wygodne i delikatne. Doskonale sprawdzą się jako prezent.</span></p>
<p class=""opisprzedmiotu"" style=""margin-top: 0px; margin-bottom: 3px; line-height: 17.5px;""> </p>
<p class=""opisprzedmiotu"" style=""margin-top: 0px; margin-bottom: 3px; line-height: 17.5px;""><strong>Wzór nr: 2.1179 (111)</strong></p>
<p class=""opisprzedmiotu"" style=""margin-top: 0px; margin-bottom: 3px; line-height: 17.5px;""> </p>
<ul >
<li>kolor złota: żółte</li>
<li>próba: 333</li>
<li>waga: 1,0-1,03g</li>
<li>wielkość kamienia: 2,5 mm</li>
<li>ilość kamieni: 1</li>
<li>nazwa kamienia: cyrkonia</li>
<li>wielkość orientacyjna: średnica 7 mm</li>
<li>zapięcie na sztyft </li>
</ul>";http://www.galerieallegro.pl/zdjecia/z778/7789638/big/1.jpg,http://www.galerieallegro.pl/zdjecia/z778/7789638/big/2.jpg;new;Klasyczne,Rękodzieło,Wyrób jubilerski;Kamień:Cyrkonia,Kształt:,Materiał:Złoto,Rodzaj bigla:Sztyft;4
K1.561;Złote kolczyki na prezent Sztyft MOTYLKI 1.561;Kolczyki;136;23;"<p class=""nazwa"" style=""margin: 3px;""><span ><strong>Złote kolczyki z kamieniami</strong></span></p>
<p class=""nazwa"" style=""margin: 3px;""><span ><strong>MOTYLKI</strong></span></p>
<p class=""nazwa"" style=""margin: 3px;""> </p>
<p class=""nazwa"" style=""margin: 3px;""><span >Starannie wykonane kolczyki motylki zdobione białymi cyrkoniami. <br />Bardzo wygodne i delikatne. Doskonale sprawdzą się jako prezent.</span></p>
<p class=""opisprzedmiotu"" style=""margin-top: 0px; margin-bottom: 3px; line-height: 17.5px;""> </p>
<p class=""opisprzedmiotu"" style=""margin-top: 0px; margin-bottom: 3px; line-height: 17.5px;""><strong>Wzór nr: 1.561 (110)</strong></p>
<p class=""opisprzedmiotu"" style=""margin-top: 0px; margin-bottom: 3px; line-height: 17.5px;""> </p>
<ul >
<li>kolor złota: żółte</li>
<li>próba: 333</li>
<li>waga: 0,82-0,85g</li>
<li>wielkość kamieni:1,25mm</li>
<li>ilość kamieni: 10</li>
<li>nazwa kamienia: cyrkonia</li>
<li>wielkość orientacyjna: 9 x 5,6 mm</li>
<li>zapięcie na sztyft </li>
</ul>";http://www.galerieallegro.pl/zdjecia/z768/7684339/big/1.jpg,http://www.galerieallegro.pl/zdjecia/z768/7684339/big/2.jpg;new;Klasyczne,Rękodzieło,Wyrób jubilerski;Kamień:Cyrkonia,Kształt:,Materiał:Złoto,Rodzaj bigla:Sztyft;3
K1.709;Złote kolczyki DUŻY KAMIEŃ Cyrkonia PREZENT 1.709;Kolczyki;389;23;"<p class=""nazwa"" style=""margin: 3px;""><span ><strong>Złote kolczyki z Cyrkonią</strong></span></p>
<p class=""nazwa"" style=""margin: 3px;""> </p>
<p class=""nazwa"" style=""margin: 3px;"">Modne kolczyki z dużym kamieniem. <br />Prezentują się bardzo efektownie.<br />Sprawdzą się zarówno w codziennej jak i wieczornej stylizacji.<br />Idealnie sprawdzą się jako prezent.</p>
<p class=""opisprzedmiotu"" style=""margin-top: 0px; margin-bottom: 3px; line-height: 17.5px;""> </p>
<p class=""opisprzedmiotu"" style=""margin-top: 0px; margin-bottom: 3px; line-height: 17.5px;""><strong>Wzór nr: 1.709 (106)</strong></p>
<p class=""opisprzedmiotu"" style=""margin-top: 0px; margin-bottom: 3px; line-height: 17.5px;""> </p>
<ul >
<li>kolor złota: żółte</li>
<li>próba: 333</li>
<li>waga: 2,32-2,44g</li>
<li>wielkość kamienia: 8 mm</li>
<li>ilość kamieni: 1</li>
<li>nazwa kamienia: cyrkonia</li>
<li>wielkość orientacyjna: <br />średnica ok. 9 mm</li>
<li>zapięcie na sztyft </li>
</ul>";http://www.galerieallegro.pl/zdjecia/z768/7684562/big/1.jpg,http://www.galerieallegro.pl/zdjecia/z768/7684562/big/2.jpg;new;Klasyczne,Rękodzieło,Wyrób jubilerski;Kamień:Cyrkonia,Kształt:,Materiał:Złoto,Rodzaj bigla:Sztyft;3
K3.2330;PIĘKNE ZŁOTE KOLCZYKI KWIATEK 3.2330 (128) PREZENT;Kolczyki;230;23;"<p class=""nazwa"" style=""margin: 3px;""><span ><strong>Złote kolczyki z Cyrkoniami</strong></span></p>
<p class=""nazwa"" style=""margin: 3px;""><span ><strong>KWIATEK</strong></span></p>
<p class=""nazwa"" style=""margin: 3px;""> </p>
<p class=""nazwa"" style=""margin: 3px;""><span >Kolczyki z delikatnym wzorem kwiatka, zdobione białymi Cyrkoniami. Posiadają angielskie zapięcie.<br />Idealnie sprawdzą się też jako prezent na każdą okazję. </span></p>
<p class=""opisprzedmiotu"" style=""margin-top: 0px; margin-bottom: 3px; line-height: 17.5px;""> </p>
<p class=""opisprzedmiotu"" style=""margin-top: 0px; margin-bottom: 3px; line-height: 17.5px;""><strong >Wzór nr: </strong><span ><strong>3.2330(128)</strong></span></p>
<p class=""opisprzedmiotu"" style=""margin-top: 0px; margin-bottom: 3px; line-height: 17.5px;""> </p>
<ul >
<li>kolor złota: żółte</li>
<li>próba: 333</li>
<li>waga: 1,40-1,44g</li>
<li>wielkość kamienia centralnego: 1,5mm</li>
<li>wielkość kamieni bocznych: 1,0mm</li>
<li>nazwa kamienia: Cyrkonia</li>
<li><span >długość kolczyka: 13,8mm <br /></span></li>
<li><span >całkowita szerokość korony: 4,8mm<br /><br /></span></li>
</ul>";http://www.galerieallegro.pl/zdjecia/z822/8221460/big/1.jpg,http://www.galerieallegro.pl/zdjecia/z822/8221460/big/2.jpg,http://www.galerieallegro.pl/zdjecia/z822/8221460/big/3.jpg;new;Klasyczne,Rękodzieło,Wyrób jubilerski;Kamień:Cyrkonia,Kształt:,Materiał:Złoto,Rodzaj bigla:Angielski;5
K2.1094;Złote kolczyki z Cyrkonią KWIATKI Prezent 2.1094;Kolczyki;149;23;"<p class=""nazwa"" style=""margin: 3px;""><span ><strong>Złote kolczyki z kamieniem</strong></span></p>
<p class=""nazwa"" style=""margin: 3px;""><span ><strong>KWIATKI</strong></span></p>
<p class=""nazwa"" style=""margin: 3px;""> </p>
<p class=""nazwa"" style=""margin: 3px;""><span >Bardzo urocze kolczyki kwiatki zdobione małą, białą cyrkonią. <br />Są modne, wygodne i delikatne. Doskonale sprawdzą się jako prezent.</span></p>
<p class=""opisprzedmiotu"" style=""margin-top: 0px; margin-bottom: 3px; line-height: 17.5px;""> </p>
<p class=""opisprzedmiotu"" style=""margin-top: 0px; margin-bottom: 3px; line-height: 17.5px;""><strong>Wzór nr: 2.1094 (138)</strong></p>
<p class=""opisprzedmiotu"" style=""margin-top: 0px; margin-bottom: 3px; line-height: 17.5px;""> </p>
<ul >
<li>kolor złota: żółte</li>
<li>próba: 333</li>
<li>waga: 0,79-0,95g</li>
<li>wielkość kamienia: 2,25mm</li>
<li>ilość kamieni: 1</li>
<li>nazwa kamienia: cyrkonia</li>
<li>rodowana góra kolczyka</li>
<li>zapięcie na sztyft </li>
</ul>";http://www.galerieallegro.pl/zdjecia/z822/8223238/big/1.jpg,http://www.galerieallegro.pl/zdjecia/z822/8223238/big/2.jpg,http://www.galerieallegro.pl/zdjecia/z822/8223238/big/3.jpg;new;Klasyczne,Rękodzieło,Wyrób jubilerski;Kamień:Cyrkonia,Kształt:,Materiał:Złoto,Rodzaj bigla:Sztyft;6
K1.60;ZŁOTE KOLCZYKI duży kamień Cyrkonie PREZENT 1.60;Kolczyki;409;23;"<p class=""nazwa"" style=""margin: 3px;""><span ><strong>Złote kolczyki z cyrkoniami</strong></span></p>
<p class=""nazwa"" style=""margin: 3px;""> </p>
<p class=""nazwa"" style=""margin: 3px;""><span >Starannie wykonane, złote kolczyki z pięknie prezentującym się kamieniem centralnym oraz kamieniami bocznymi. Posiadają angielskie zapięcie. Wyglądają elegancko i efektownie. <br />Idealnie sprawdzą się też jako prezent.</span></p>
<p class=""opisprzedmiotu"" style=""margin-top: 0px; margin-bottom: 3px; line-height: 17.5px;""> </p>
<p class=""opisprzedmiotu"" style=""margin-top: 0px; margin-bottom: 3px; line-height: 17.5px;""><strong>Wzór nr: 1.60 (102)</strong></p>
<p class=""opisprzedmiotu"" style=""margin-top: 0px; margin-bottom: 3px; line-height: 17.5px;""> </p>
<ul >
<li>kolor złota: żółte</li>
<li>próba: 333</li>
<li>waga: 2,53-2,58g</li>
<li>wielkość kamienia centralnego: <br />kamień siodło 4x9mm</li>
<li>wielkość kamieni bocznych: 1,5mm </li>
<li>ilość kamieni: 9</li>
<li>nazwa kamienia: cyrkonia</li>
<li>rod: elementy rodowane</li>
<li>wielkość orientacyjna: ok.14x4 mm</li>
<li>angielskie zapięcie<br /><br /></li>
</ul>";http://www.galerieallegro.pl/zdjecia/z766/7668474/big/1.jpg,http://www.galerieallegro.pl/zdjecia/z766/7668474/big/2.jpg,http://www.galerieallegro.pl/zdjecia/z766/7668474/big/3.jpg;new;Klasyczne,Rękodzieło,Wyrób jubilerski;Kamień:Cyrkonia,Kształt:,Materiał:Złoto,Rodzaj bigla:Angielski;2
K1.815b;PIĘKNE AŻUROWE ZŁOTE KOLCZYKI Koło Cyrkonia 1.815b;Kolczyki;329;23;"<p class=""nazwa"" style=""margin: 3px;""><span ><strong>Złote kolczyki z kamieniem</strong></span></p>
<p class=""nazwa"" style=""margin: 3px;""> </p>
<p class=""nazwa"" style=""margin: 3px;""><span >Starannie wykonane kolczyki z białą Cyrkonią. Oryginalny wzór z pięknym, ażurowym zdobieniem. Angielskie zapięcie. Prezentują się bardzo elegancko, szlachetnie i kobieco. </span></p>
<p class=""opisprzedmiotu"" style=""margin-top: 0px; margin-bottom: 3px; line-height: 17.5px;""> </p>
<p class=""opisprzedmiotu"" style=""margin-top: 0px; margin-bottom: 3px; line-height: 17.5px;""><strong>Wzór nr: 1.815b (127)</strong></p>
<p class=""opisprzedmiotu"" style=""margin-top: 0px; margin-bottom: 3px; line-height: 17.5px;""> </p>
<ul >
<li>kolor złota: żółte</li>
<li>próba: 333</li>
<li>waga: 2,05g</li>
<li>wielkość kamienia centralnego: 5,5mm</li>
<li><span >ilość kamieni: 1</span></li>
<li>nazwa kamienia: Cyrkonia</li>
<li><span >wielkość orientacyjna: <br />2,5mm x 9,6mm</span><span > </span></li>
</ul>";http://www.galerieallegro.pl/zdjecia/z819/8199013/big/1.jpg,http://www.galerieallegro.pl/zdjecia/z819/8199013/big/2.jpg,http://www.galerieallegro.pl/zdjecia/z819/8199013/big/3.jpg;new;Klasyczne,Rękodzieło,Wyrób jubilerski;Kamień:Cyrkonia,Kształt:,Materiał:Złoto,Rodzaj bigla:Angielski;4
K3.2344;ZŁOTE KOLCZYKI SERCA SERDUSZKA PREZENT 3.2344;Kolczyki;159;23;"<p class=""nazwa"" style=""margin: 3px;""><span ><strong>Złote kolczyki z Cyrkoniami</strong></span></p>
<p class=""nazwa"" style=""margin: 3px;""><span ><strong>MAŁE SERDUSZKA</strong></span></p>
<p class=""nazwa"" style=""margin: 3px;""> </p>
<p class=""nazwa"" style=""margin: 3px;"">Subtelne i delikatne kolczyki z wygodnym zapięciem na sztyft. Zdobione małymi kamieniami<br />Doskonale sprawdzą się też jako prezent na każdą okazję.</p>
<p class=""nazwa"" style=""margin: 3px;""><strong><span >ELEGANCKIE PUDEŁECZKO GRATIS !</span></strong></p>
<p class=""opisprzedmiotu"" style=""margin-top: 0px; margin-bottom: 3px; line-height: 17.5px;""> </p>
<p class=""opisprzedmiotu"" style=""margin-top: 0px; margin-bottom: 3px; line-height: 17.5px;""><strong >Wzór nr: </strong><span ><strong>3.2344(136)</strong></span></p>
<p class=""opisprzedmiotu"" style=""margin-top: 0px; margin-bottom: 3px; line-height: 17.5px;""> </p>
<ul >
<li>kolor złota: żółte</li>
<li>próba: 333</li>
<li>waga: 0,94-0,99g</li>
<li>wielkość kamieni: 1 mm</li>
<li>ilość kamieni: 10</li>
<li>nazwa kamienia: cyrkonia</li>
<li>wielkość orientacyjna: 5,4 x 6,8 mm</li>
<li>zapięcie na sztyft </li>
</ul>";http://www.galerieallegro.pl/zdjecia/z824/8245503/big/1.jpg,http://www.galerieallegro.pl/zdjecia/z824/8245503/big/2.jpg,http://www.galerieallegro.pl/zdjecia/z824/8245503/big/3.jpg;new;Klasyczne,Rękodzieło,Wyrób jubilerski;Kamień:Cyrkonia,Kształt:,Materiał:Złoto,Rodzaj bigla:Sztyft;5
K3.2354;Złote kolczyki wzór INFINITY NIESKOŃCZONOŚĆ 3.2354;Kolczyki;169;23;"<p class=""nazwa"" style=""margin: 3px;""><span ><strong>ZŁOTE KOLCZYKI </strong></span></p>
<p class=""nazwa"" style=""margin: 3px;""><span ><strong>INFINITY</strong></span></p>
<p class=""nazwa"" style=""margin: 3px;""><span >Bardzo modny wzór nieskończoności. </span></p>
<p class=""nazwa"" style=""margin: 3px;""><span >Kolczyki zdobione Cyrkoniami.<br />Świetnie sprawdzą się jako prezent. </span></p>
<p class=""opisprzedmiotu"" style=""margin-top: 0px; margin-bottom: 3px; line-height: 17.5px;""> </p>
<p class=""opisprzedmiotu"" style=""margin-top: 0px; margin-bottom: 3px; line-height: 17.5px;""><strong >Wzór nr: </strong><span ><strong>3.2354(203)</strong></span></p>
<p class=""opisprzedmiotu"" style=""margin-top: 0px; margin-bottom: 3px; line-height: 17.5px;""> </p>
<ul >
<li>kolor złota: żółte</li>
<li>próba: 333</li>
<li>waga: 0,96-1,09g</li>
<li>wielkość orientacyjna: 5x11 mm</li>
<li>wielkość kamieni: 1,25mm</li>
<li>ilość kamieni w kolczyku: 7</li>
<li>rodowane kamienie</li>
<li>nazwa kamienia: Cyrkonia</li>
</ul>";http://www.galerieallegro.pl/zdjecia/z845/8452582/big/1.jpg,http://www.galerieallegro.pl/zdjecia/z845/8452582/big/2.jpg,http://www.galerieallegro.pl/zdjecia/z845/8452582/big/3.jpg;new;Klasyczne,Rękodzieło,Wyrób jubilerski;Kamień:Cyrkonia,Kształt:,Materiał:Złoto,Rodzaj bigla:Sztyft;3
K1.242;ZŁOTE KOLCZYKI z cyrkoniami Piękny Kwiatek 1.242;Kolczyki;229;23;"<p class=""nazwa"" style=""margin: 3px;""><span ><strong>Złote kolczyki z kamieniami</strong></span></p>
<p class=""nazwa"" style=""margin: 3px;""><span ><strong>KWIATEK</strong></span></p>
<p class=""nazwa"" style=""margin: 3px;""> </p>
<p class=""nazwa"" style=""margin: 3px;""><span >Starannie wykonane kolczyki z cyrkoniami ułożonymi w kształt pięknego kwiatka. Angielskie zapięcie. Prezentują się bardzo elegancko, subtelnie i romantycznie.</span></p>
<p class=""opisprzedmiotu"" style=""margin-top: 0px; margin-bottom: 3px; line-height: 17.5px;""> </p>
<p class=""opisprzedmiotu"" style=""margin-top: 0px; margin-bottom: 3px; line-height: 17.5px;""><strong>Wzór nr: 1.242 (103)</strong></p>
<p class=""opisprzedmiotu"" style=""margin-top: 0px; margin-bottom: 3px; line-height: 17.5px;""> </p>
<ul >
<li>kolor złota: żółte</li>
<li>próba: 333</li>
<li>waga: 1,38-1,44g</li>
<li>wielkość kamienia centralnego: 2,5mm</li>
<li>wielkość kamieni bocznych: 2,25mm</li>
<li>ilość kamieni: 6 </li>
<li>nazwa kamienia: cyrkonia</li>
<li>rodowana oprawa centralnego kamienia</li>
</ul>";http://www.galerieallegro.pl/zdjecia/z766/7668424/big/1.jpg,http://www.galerieallegro.pl/zdjecia/z766/7668424/big/2.jpg,http://www.galerieallegro.pl/zdjecia/z766/7668424/big/3.jpg;new;Klasyczne,Rękodzieło,Wyrób jubilerski;Kamień:Cyrkonia,Kształt:,Materiał:Złoto,Rodzaj bigla:Angielski;5
K1.338;ZŁOTE KOLCZYKI KÓŁECZKA Cyrkonia Dwustronne 1.338;Kolczyki;179;23;"<p class=""nazwa"" style=""margin: 3px;""><span ><strong>Złote kolczyki dwustronne</strong></span></p>
<p class=""nazwa"" style=""margin: 3px;""><span ><strong>KÓŁECZKA</strong></span></p>
<p class=""nazwa"" style=""margin: 3px;""> </p>
<p class=""nazwa"" style=""margin: 3px;""><span >Bardzo urocze i delikatne kolczyki wykonane ze złota. Niewidoczne zapięcie. Można je nosić stroną zdobioną cyrkonią lub samego złota. Doskonale sprawdzą się jako prezent.</span></p>
<p class=""opisprzedmiotu"" style=""margin-top: 0px; margin-bottom: 3px; line-height: 17.5px;""> </p>
<p class=""opisprzedmiotu"" style=""margin-top: 0px; margin-bottom: 3px; line-height: 17.5px;""><strong>Wzór nr: 1.338 (104)</strong></p>
<p class=""opisprzedmiotu"" style=""margin-top: 0px; margin-bottom: 3px; line-height: 17.5px;""> </p>
<ul >
<li>kolor złota: żółte</li>
<li>próba: 333</li>
<li>waga: 1,15g</li>
<li><span >wielkość kamienia: 2,5mm</span></li>
<li>ilość kamieni: 1</li>
<li>nazwa kamienia: cyrkonia</li>
<li>wielkość orientacyjna: <br />średnica 10 mm</li>
</ul>";http://www.galerieallegro.pl/zdjecia/z769/7691873/big/1.jpg,http://www.galerieallegro.pl/zdjecia/z769/7691873/big/2.jpg,http://www.galerieallegro.pl/zdjecia/z769/7691873/big/3.jpg;new;Klasyczne,Rękodzieło,Wyrób jubilerski;Kamień:Cyrkonia,Kształt:,Materiał:Złoto,Rodzaj bigla:Zatrzask;5
K3.2306;ZŁOTE KOLCZYKI Cyrkonie PREZENT 3.2306(129);Kolczyki;219;23;"<p class=""nazwa"" style=""margin: 3px;""><span ><strong>Złote kolczyki z kamieniami</strong></span></p>
<p class=""nazwa"" style=""margin: 3px;""> </p>
<p class=""nazwa"" style=""margin: 3px;""><span >Piękne i kobiece kolczyki z cyrkoniami.<br />Delikatny a zarazem oryginalny wzór z wygodnym, angielskim zapięciem. Prezentują się bardzo atrakcyjnie. <br />Świetnie sprawdzą się jako prezent. </span></p>
<p class=""opisprzedmiotu"" style=""margin-top: 0px; margin-bottom: 3px; line-height: 17.5px;""> </p>
<p class=""opisprzedmiotu"" style=""margin-top: 0px; margin-bottom: 3px; line-height: 17.5px;""><strong >Wzór nr: </strong><span ><strong>3.2306(129)</strong></span></p>
<p class=""opisprzedmiotu"" style=""margin-top: 0px; margin-bottom: 3px; line-height: 17.5px;""> </p>
<ul >
<li>kolor złota: żółte</li>
<li>próba: 333</li>
<li>waga: 1,27-1,36g</li>
<li>wielkość kamieni: 1,0mm</li>
<li>ilość kamieni: 7</li>
<li>nazwa kamienia: Cyrkonia</li>
<li>rodowane elementy kamieniowe</li>
<li>wielkość orientacyjna: 4,25 x 13,3 mm</li>
</ul>";http://www.galerieallegro.pl/zdjecia/z822/8221402/big/1.jpg,http://www.galerieallegro.pl/zdjecia/z822/8221402/big/2.jpg,http://www.galerieallegro.pl/zdjecia/z822/8221402/big/3.jpg;new;Klasyczne,Rękodzieło,Wyrób jubilerski;Kamień:Cyrkonia,Kształt:,Materiał:Złoto,Rodzaj bigla:Angielski;4
K1.753D;PIĘKNE ZŁOTE KOLCZYKI Z CYRKONIĄ prezent! 1.753D;Kolczyki;279;23;"<p class=""nazwa"" style=""margin: 3px;""><span ><strong>Złote kolczyki z kamieniem</strong></span></p>
<p class=""nazwa"" style=""margin: 3px;""> </p>
<p class=""nazwa"" style=""margin: 3px;""><span >Eleganckie kolczyki zdobione białą cyrkonią. Są wygodne i delikatne. <br />Doskonale sprawdzą się jako prezent.</span></p>
<p class=""opisprzedmiotu"" style=""margin-top: 0px; margin-bottom: 3px; line-height: 17.5px;""> </p>
<p class=""opisprzedmiotu"" style=""margin-top: 0px; margin-bottom: 3px; line-height: 17.5px;""><strong>Wzór nr: 1.753D (109)</strong></p>
<p class=""opisprzedmiotu"" style=""margin-top: 0px; margin-bottom: 3px; line-height: 17.5px;""> </p>
<ul >
<li>kolor złota: żółte</li>
<li>próba: 333</li>
<li>waga: 1,65-1,73g</li>
<li>wielkość kamienia: 5 mm</li>
<li>ilość kamieni: 1</li>
<li>nazwa kamienia: cyrkonia</li>
<li><span >zapięcie na sztyft <br /> </span></li>
</ul>";http://www.galerieallegro.pl/zdjecia/z781/7812322/big/1.jpg,http://www.galerieallegro.pl/zdjecia/z781/7812322/big/2.jpg;new;Klasyczne,Rękodzieło,Wyrób jubilerski;Kamień:Cyrkonia,Kształt:,Materiał:Złoto,Rodzaj bigla:Sztyft;2
K3.2305;PIĘKNE ZŁOTE KOLCZYKI z cyrkoniami PREZENT 3.2305;Kolczyki;296;23;"<p class=""nazwa"" style=""margin: 3px;""><span ><strong>Złote kolczyki z kamieniami</strong></span></p>
<p class=""nazwa"" style=""margin: 3px;""> </p>
<p class=""nazwa"" style=""margin: 3px;""><span >Starannie wykonane, złote kolczyki  zdobione białymi Cyrkoniami. Posiadają wygodne, angielskie zapięcie. Prezentują się bardzo elegancko i subtelnie. <br />Idealnie sprawdzą się też jako prezent.</span></p>
<p class=""opisprzedmiotu"" style=""margin-top: 0px; margin-bottom: 3px; line-height: 17.5px;""> </p>
<p class=""opisprzedmiotu"" style=""margin-top: 0px; margin-bottom: 3px; line-height: 17.5px;""><strong >Wzór nr: </strong><span ><strong>3.2305(124)</strong></span></p>
<p class=""opisprzedmiotu"" style=""margin-top: 0px; margin-bottom: 3px; line-height: 17.5px;""> </p>
<ul >
<li>kolor złota: żółte</li>
<li>próba: 333</li>
<li>waga: 1,77-1,85g</li>
<li>wielkość kamieni: <span >1,25mm </span></li>
<li>ilość kamieni w jednym kolczyku: 10</li>
<li>nazwa kamienia: Cyrkonia</li>
<li>rodowane elementy kamieniowe</li>
<li>wielkość orientacyjna: 6 x 15,5 mm</li>
<li>angielskie zapięcie<br /><br /></li>
</ul>";http://www.galerieallegro.pl/zdjecia/z819/8199692/big/1.jpg,http://www.galerieallegro.pl/zdjecia/z819/8199692/big/2.jpg,http://www.galerieallegro.pl/zdjecia/z819/8199692/big/3.jpg;new;Klasyczne,Rękodzieło,Wyrób jubilerski;Kamień:Cyrkonia,Kształt:,Materiał:Złoto,Rodzaj bigla:Angielski;5
K3.2301;BOGATO ZDOBIONE ZŁOTE KOLCZYKI WZÓR ŁEZKA 3.2301;Kolczyki;259;23;"<p class=""nazwa"" style=""margin: 3px;""><span ><strong>Złote kolczyki z Cyrkoniami</strong></span></p>
<p class=""nazwa"" style=""margin: 3px;""> </p>
<p class=""nazwa"" style=""margin: 3px;""><span >Kolczyki w kształcie łezki, zdobione białymi kamieniami. Posiadają angielskie zapięcie. Prezentują się elegancko, szlachetnie i kobieco. Stanowić będą piękne dopełnienie Twojej stylizacji. </span></p>
<p class=""opisprzedmiotu"" style=""margin-top: 0px; margin-bottom: 3px; line-height: 17.5px;""> </p>
<p class=""opisprzedmiotu"" style=""margin-top: 0px; margin-bottom: 3px; line-height: 17.5px;""><strong >Wzór nr: </strong><span ><strong>3.2301(193)</strong></span></p>
<p class=""opisprzedmiotu"" style=""margin-top: 0px; margin-bottom: 3px; line-height: 17.5px;""> </p>
<ul >
<li>kolor złota: żółte</li>
<li>próba: 333</li>
<li>waga: 1,62-1,68g</li>
<li>wielkość kamienia centralnego: łezka 5x3mm</li>
<li>wielkość kamieni bocznych: 1,5mm</li>
<li><span >ilość kamieni w kolczyku: 13</span></li>
<li>nazwa kamienia: Cyrkonia</li>
<li>rodowane łapki cenralnego kamienia</li>
<li>wielkość orientacyjna: <br />6,6mm x 13,5mm</li>
</ul>";http://www.galerieallegro.pl/zdjecia/z845/8452387/big/1.jpg,http://www.galerieallegro.pl/zdjecia/z845/8452387/big/2.jpg,http://www.galerieallegro.pl/zdjecia/z845/8452387/big/3.jpg;new;Klasyczne,Rękodzieło,Stylizowane na stare,Wyrób jubilerski;Kamień:Cyrkonia,Kształt:,Materiał:Złoto,Rodzaj bigla:Angielski;7
K1.240;PIĘKNE ZŁOTE KOLCZYKI z cyrkoniami PREZENT 1.240;Kolczyki;199;23;"<p class=""nazwa"" style=""margin: 3px;""><span ><strong>Złote kolczyki z kamieniami</strong></span></p>
<p class=""nazwa"" style=""margin: 3px;""> </p>
<p class=""nazwa"" style=""margin: 3px;""><span >Starannie wykonane, złote kolczyki z równolegle ułożonymi cyrkoniami. Angielskie zapięcie. Prezentują się bardzo elegancko i subtelnie. <br />Idealnie sprawdzą się też jako prezent.</span></p>
<p class=""opisprzedmiotu"" style=""margin-top: 0px; margin-bottom: 3px; line-height: 17.5px;""> </p>
<p class=""opisprzedmiotu"" style=""margin-top: 0px; margin-bottom: 3px; line-height: 17.5px;""><strong>Wzór nr: 1.240 (99)</strong></p>
<p class=""opisprzedmiotu"" style=""margin-top: 0px; margin-bottom: 3px; line-height: 17.5px;""> </p>
<ul >
<li>kolor złota: żółte</li>
<li>próba: 333</li>
<li>waga: 1,23-1,27g</li>
<li>wielkość kamieni: <span >1,5mm </span></li>
<li>ilość kamieni: 6</li>
<li>nazwa kamienia: cyrkonia</li>
<li>rodowane elementy kamieniowe</li>
<li>wielkość orientacyjna: 11,30 x 3,7 mm</li>
<li>angielskie zapięcie<br /><br /></li>
</ul>";http://www.galerieallegro.pl/zdjecia/z766/7668469/big/1.jpg,http://www.galerieallegro.pl/zdjecia/z766/7668469/big/2.jpg,http://www.galerieallegro.pl/zdjecia/z766/7668469/big/3.jpg;new;Klasyczne,Rękodzieło,Wyrób jubilerski;Kamień:Cyrkonia,Kształt:,Materiał:Złoto,Rodzaj bigla:Angielski;6
K3.2092;PIĘKNE ZŁOTE KOLCZYKI Cyrkonia PREZENT 3.2092;Kolczyki;269;23;"<p class=""nazwa"" style=""margin: 3px;""><span ><strong>Złote kolczyki z Cyrkonią</strong></span></p>
<p class=""nazwa"" style=""margin: 3px;""> </p>
<p class=""nazwa"" style=""margin: 3px;""><span >Starannie wykonane, złote kolczyki  zdobione białymi Cyrkoniami. Nowoczesny i elegancki wzór. <br />Idealnie sprawdzą się też jako prezent.</span></p>
<p class=""opisprzedmiotu"" style=""margin-top: 0px; margin-bottom: 3px; line-height: 17.5px;""> </p>
<p class=""opisprzedmiotu"" style=""margin-top: 0px; margin-bottom: 3px; line-height: 17.5px;""><strong >Wzór nr: </strong><span ><strong>3.2092(192)</strong></span></p>
<p class=""opisprzedmiotu"" style=""margin-top: 0px; margin-bottom: 3px; line-height: 17.5px;""> </p>
<ul >
<li>kolor złota: żółte</li>
<li>próba: 333</li>
<li>waga: 1,64-1,73g</li>
<li>wielkość kamieni: <span >2mm </span></li>
<li>ilość kamieni w jednym kolczyku: 1</li>
<li>nazwa kamienia: Cyrkonia</li>
<li>rodowane elementy przodu</li>
<li>wielkość orientacyjna: 4,8x13,5 mm</li>
<li>wygodne angielskie zapięcie<br /><br /></li>
</ul>";http://www.galerieallegro.pl/zdjecia/z845/8451973/big/1.jpg,http://www.galerieallegro.pl/zdjecia/z845/8451973/big/2.jpg,http://www.galerieallegro.pl/zdjecia/z845/8451973/big/3.jpg;new;Klasyczne,Rękodzieło,Wyrób jubilerski;Kamień:Cyrkonia,Kształt:,Materiał:Złoto,Rodzaj bigla:Angielski;4
W2.799;AŻUROWA złota zawieszka Wisiorek PREZENT! 2.799;Wisiorki;209;23;"<p class=""nazwa""><strong>AŻUROWA NACINANA ZAWIESZKA</strong></p>
<p class=""nazwa""><strong><br /></strong></p>
<p class=""nazwa"" style=""margin: 3px;"">Wykonany z największą precyzją złoty wisiorek o oryginalnym wzorze. Prezentuje się bardzo atrakcyjnie. Podkreśli charakter każdej stylizacji.</p>
<p class=""opisprzedmiotu""> </p>
<p class=""opisprzedmiotu""><strong >Wzór nr: 2.799 (85)</strong></p>
<ul>
<li><span>kolor złota: żółty</span></li>
<li><span>próba złota: 333</span></li>
<li><span>waga: 1,23-1,31g</span></li>
<li><span>średnica 20 mm</span></li>
<br /> 
</ul>";http://www.galerieallegro.pl/zdjecia/z769/7692039/big/1.jpg,http://www.galerieallegro.pl/zdjecia/z769/7692039/big/2.jpg;new;Klasyczne,Orientalne,Rękodzieło,Wyrób jubilerski;Kamień:Bez kamienia,Kształt:Kółko,Materiał:Złoto,Rodzaj bigla:;6
