ID;variation_ID;size_title;size;quantity
P1.762;P1.762-15;Rozmiar:select:0;15:0;10
P1.762;P1.762-13;Rozmiar:select:0;13:0;1
P1.762;P1.762-12;Rozmiar:select:0;12:0;2
P1.762;P1.762-16;Rozmiar:select:0;16:0;3
P1.762;P1.762-18;Rozmiar:select:0;18:0;4
P1.762;P1.762-17;Rozmiar:select:0;17:0;1
P1.762;P1.762-14;Rozmiar:select:0;14:0;2
P1.762;P1.762-19;Rozmiar:select:0;19:0;4
P1.762;P1.762-20;Rozmiar:select:0;20:0;3
P1.762;P1.762-10;Rozmiar:select:0;10:0;3
P1.762;P1.762-11;Rozmiar:select:0;11:0;1
P2.1335;P2.1335-15;Rozmiar:select:0;15:0;11
P2.1335;P2.1335-14;Rozmiar:select:0;14:0;1
P2.1335;P2.1335-17;Rozmiar:select:0;17:0;2
P2.1335;P2.1335-10;Rozmiar:select:0;10:0;1
P2.1335;P2.1335-19;Rozmiar:select:0;19:0;2
P2.1335;P2.1335-20;Rozmiar:select:0;20:0;2
P2.1335;P2.1335-13;Rozmiar:select:0;13:0;2
P2.1335;P2.1335-12;Rozmiar:select:0;12:0;1
P2.1335;P2.1335-11;Rozmiar:select:0;11:0;4
P2.1335;P2.1335-16;Rozmiar:select:0;16:0;2
P2.1335;P2.1335-18;Rozmiar:select:0;18:0;1
P1.114;P1.114-10;Rozmiar:select:0;10:0;4
P1.114;P1.114-13;Rozmiar:select:0;13:0;2
P1.114;P1.114-14;Rozmiar:select:0;14:0;3
P1.114;P1.114-12;Rozmiar:select:0;12:0;2
P1.114;P1.114-11;Rozmiar:select:0;11:0;1
P1.114;P1.114-15;Rozmiar:select:0;15:0;1
P1.114;P1.114-18;Rozmiar:select:0;18:0;1
P1.114;P1.114-17;Rozmiar:select:0;17:0;1
P1.114;P1.114-16;Rozmiar:select:0;16:0;1
P1.114;P1.114-9;Rozmiar:select:0;9:0;1
P1.23;P1.23-17;Rozmiar:select:0;17:0;7
P1.23;P1.23-15;Rozmiar:select:0;15:0;2
P1.23;P1.23-20;Rozmiar:select:0;20:0;1
P1.23;P1.23-12;Rozmiar:select:0;12:0;1
P1.23;P1.23-11;Rozmiar:select:0;11:0;3
P1.23;P1.23-16;Rozmiar:select:0;16:0;3
P1.23;P1.23-19;Rozmiar:select:0;19:0;4
P1.23;P1.23-18;Rozmiar:select:0;18:0;2
P1.23;P1.23-13;Rozmiar:select:0;13:0;2
P1.23;P1.23-14;Rozmiar:select:0;14:0;2
P1.23;P1.23-9;Rozmiar:select:0;9:0;1
P1.23;P1.23-8;Rozmiar:select:0;8:0;1
P1.23;P1.23-10;Rozmiar:select:0;10:0;2
P2.1067;P2.1067-17;Rozmiar:select:0;17:0;5
P2.1067;P2.1067-16;Rozmiar:select:0;16:0;2
P2.1067;P2.1067-15;Rozmiar:select:0;15:0;1
P2.1067;P2.1067-12;Rozmiar:select:0;12:0;2
P2.1067;P2.1067-14;Rozmiar:select:0;14:0;2
P2.1067;P2.1067-13;Rozmiar:select:0;13:0;1
P2.1067;P2.1067-18;Rozmiar:select:0;18:0;1
P2.1125;P2.1125-16;Rozmiar:select:0;16:0;8
P2.1125;P2.1125-14;Rozmiar:select:0;14:0;1
P2.1125;P2.1125-12;Rozmiar:select:0;12:0;2
P2.1125;P2.1125-10;Rozmiar:select:0;10:0;2
P2.1125;P2.1125-13;Rozmiar:select:0;13:0;3
P2.1125;P2.1125-11;Rozmiar:select:0;11:0;1
P2.1283;P2.1283-14;Rozmiar:select:0;14:0;8
P2.1283;P2.1283-16;Rozmiar:select:0;16:0;2
P2.1283;P2.1283-12;Rozmiar:select:0;12:0;2
P2.1283;P2.1283-18;Rozmiar:select:0;18:0;2
P2.1283;P2.1283-13;Rozmiar:select:0;13:0;1
P2.1283;P2.1283-15;Rozmiar:select:0;15:0;4
P2.1283;P2.1283-11;Rozmiar:select:0;11:0;3
P2.1283;P2.1283-17;Rozmiar:select:0;17:0;3
P2.1283;P2.1283-19;Rozmiar:select:0;19:0;1
P2.1283;P2.1283-20;Rozmiar:select:0;20:0;1
P2.1283;P2.1283-21;Rozmiar:select:0;21:0;2
P3.1526;P3.1526-13;Rozmiar:select:0;13:0;14
P3.1526;P3.1526-17;Rozmiar:select:0;17:0;3
P3.1526;P3.1526-14;Rozmiar:select:0;14:0;1
P3.1526;P3.1526-10;Rozmiar:select:0;10:0;1
P3.1526;P3.1526-18;Rozmiar:select:0;18:0;1
P3.1526;P3.1526-16;Rozmiar:select:0;16:0;1
P3.1526;P3.1526-12;Rozmiar:select:0;12:0;1
P3.1526;P3.1526-15;Rozmiar:select:0;15:0;2
P3.1565;P3.1565-18;Rozmiar:select:0;18:0;2
P3.1565;P3.1565-16;Rozmiar:select:0;16:0;1
P3.1565;P3.1565-10;Rozmiar:select:0;10:0;1
P3.1565;P3.1565-17;Rozmiar:select:0;17:0;1
P3.1565;P3.1565-12;Rozmiar:select:0;12:0;1
P3.1565;P3.1565-15;Rozmiar:select:0;15:0;1
P3.1565;P3.1565-11;Rozmiar:select:0;11:0;1
P3.1565;P3.1565-13;Rozmiar:select:0;13:0;2
P3.1565;P3.1565-14;Rozmiar:select:0;14:0;2
P3.1565;P3.1565-19;Rozmiar:select:0;19:0;2
P3.1565;P3.1565-20;Rozmiar:select:0;20:0;1
P1.366;P1.366-18;Rozmiar:select:0;18:0;16
P1.366;P1.366-17;Rozmiar:select:0;17:0;1
P1.366;P1.366-12;Rozmiar:select:0;12:0;1
P1.366;P1.366-19;Rozmiar:select:0;19:0;1
P1.366;P1.366-13;Rozmiar:select:0;13:0;1
P1.366;P1.366-11;Rozmiar:select:0;11:0;1
P1.366;P1.366-16;Rozmiar:select:0;16:0;2
P1.366;P1.366-20;Rozmiar:select:0;20:0;3
P1.366;P1.366-14;Rozmiar:select:0;14:0;2
P1.366;P1.366-15;Rozmiar:select:0;15:0;1
P3.1501;P3.1501-17;Rozmiar:select:0;17:0;1
P3.1501;P3.1501-16;Rozmiar:select:0;16:0;1
P3.1501;P3.1501-18;Rozmiar:select:0;18:0;1
P3.1501;P3.1501-19;Rozmiar:select:0;19:0;1
P3.1501;P3.1501-11;Rozmiar:select:0;11:0;1
P3.1501;P3.1501-15;Rozmiar:select:0;15:0;1
P3.1501;P3.1501-13;Rozmiar:select:0;13:0;1
P3.1501;P3.1501-12;Rozmiar:select:0;12:0;1
P3.1501;P3.1501-14;Rozmiar:select:0;14:0;1
P3.1501;P3.1501-20;Rozmiar:select:0;20:0;1
P3.1292;P3.1292-14;Rozmiar:select:0;14:0;1
P3.1292;P3.1292-17;Rozmiar:select:0;17:0;1
P3.1292;P3.1292-15;Rozmiar:select:0;15:0;1
P1.137;P1.137-11;Rozmiar:select:0;11:0;1
P1.137;P1.137-14;Rozmiar:select:0;14:0;1
P1.137;P1.137-16;Rozmiar:select:0;16:0;1
P1.137;P1.137-19;Rozmiar:select:0;19:0;1
P1.137;P1.137-18;Rozmiar:select:0;18:0;1
P1.137;P1.137-10;Rozmiar:select:0;10:0;2
P1.137;P1.137-12;Rozmiar:select:0;12:0;1
P1.137;P1.137-13;Rozmiar:select:0;13:0;1
P2.982;P2.982-18;Rozmiar:select:0;18:0;1
P2.982;P2.982-12;Rozmiar:select:0;12:0;10
P2.982;P2.982-16;Rozmiar:select:0;16:0;1
P2.982;P2.982-10;Rozmiar:select:0;10:0;2
P2.982;P2.982-13;Rozmiar:select:0;13:0;3
P2.982;P2.982-11;Rozmiar:select:0;11:0;2
P2.982;P2.982-14;Rozmiar:select:0;14:0;2
P2.982;P2.982-17;Rozmiar:select:0;17:0;2
P2.982;P2.982-14;Rozmiar:select:0;14:0;1
P2.982;P2.982-15;Rozmiar:select:0;15:0;5
P2.982;P2.982-19;Rozmiar:select:0;19:0;5
P2.982;P2.982-20;Rozmiar:select:0;20:0;4
P2.1033;P2.1033-12;Rozmiar:select:0;12:0;2
P2.1033;P2.1033-14;Rozmiar:select:0;14:0;1
P2.1033;P2.1033-18;Rozmiar:select:0;18:0;1
P2.1033;P2.1033-17;Rozmiar:select:0;17:0;1
P2.1033;P2.1033-19;Rozmiar:select:0;19:0;1
P2.1033;P2.1033-16;Rozmiar:select:0;16:0;1
P2.1033;P2.1033-10;Rozmiar:select:0;10:0;1
P3.1302;P3.1302-14;Rozmiar:select:0;14:0;1
P3.1302;P3.1302-12;Rozmiar:select:0;12:0;3
P3.1302;P3.1302-16;Rozmiar:select:0;16:0;2
P3.1302;P3.1302-18;Rozmiar:select:0;18:0;2
P3.1302;P3.1302-10;Rozmiar:select:0;10:0;2
P3.1302;P3.1302-13;Rozmiar:select:0;13:0;2
P3.1502;P3.1502-14;Rozmiar:select:0;14:0;1
P3.1502;P3.1502-19;Rozmiar:select:0;19:0;8
P3.1502;P3.1502-16;Rozmiar:select:0;16:0;2
P3.1502;P3.1502-17;Rozmiar:select:0;17:0;1
P3.1502;P3.1502-11;Rozmiar:select:0;11:0;1
P3.1502;P3.1502-13;Rozmiar:select:0;13:0;1
P3.1502;P3.1502-15;Rozmiar:select:0;15:0;1
P3.1502;P3.1502-20;Rozmiar:select:0;20:0;1
P3.1502;P3.1502-18;Rozmiar:select:0;18:0;1
P3.1502;P3.1502-12;Rozmiar:select:0;12:0;1
P2.1296;P2.1296-17;Rozmiar:select:0;17:0;1
P2.1296;P2.1296-19;Rozmiar:select:0;19:0;1
P2.1296;P2.1296-11;Rozmiar:select:0;11:0;4
P2.1296;P2.1296-12;Rozmiar:select:0;12:0;13
P2.1296;P2.1296-16;Rozmiar:select:0;16:0;2
P2.1296;P2.1296-14;Rozmiar:select:0;14:0;2
P2.1296;P2.1296-10;Rozmiar:select:0;10:0;1
P2.1296;P2.1296-15;Rozmiar:select:0;15:0;2
P2.1296;P2.1296-13;Rozmiar:select:0;13:0;2
P2.1296;P2.1296-18;Rozmiar:select:0;18:0;1
P2.512;P2.512-19;Rozmiar:select:0;19:0;1
P2.512;P2.512-18;Rozmiar:select:0;18:0;9
P2.512;P2.512-12;Rozmiar:select:0;12:0;2
P2.512;P2.512-13;Rozmiar:select:0;13:0;2
P2.512;P2.512-10;Rozmiar:select:0;10:0;2
P2.512;P2.512-11;Rozmiar:select:0;11:0;2
P2.512;P2.512-14;Rozmiar:select:0;14:0;2
P2.512;P2.512-16;Rozmiar:select:0;16:0;2
P2.512;P2.512-15;Rozmiar:select:0;15:0;2
P2.512;P2.512-17;Rozmiar:select:0;17:0;2
P2.1372;P2.1372-20;Rozmiar:select:0;20:0;2
P2.1372;P2.1372-19;Rozmiar:select:0;19:0;1
P2.1372;P2.1372-17;Rozmiar:select:0;17:0;1
P2.1372;P2.1372-12;Rozmiar:select:0;12:0;1
P2.1372;P2.1372-21;Rozmiar:select:0;21:0;1
P2.1372;P2.1372-10;Rozmiar:select:0;10:0;1
P2.1372;P2.1372-14;Rozmiar:select:0;14:0;1
P2.1046;P2.1046-14;Rozmiar:select:0;14:0;1
P2.1046;P2.1046-15;Rozmiar:select:0;15:0;2
P2.1046;P2.1046-9;Rozmiar:select:0;9:0;2
P2.1046;P2.1046-13;Rozmiar:select:0;13:0;1
P2.1046;P2.1046-11;Rozmiar:select:0;11:0;2
P2.1046;P2.1046-12;Rozmiar:select:0;12:0;2
P2.1046;P2.1046-17;Rozmiar:select:0;17:0;2
P2.1046;P2.1046-10;Rozmiar:select:0;10:0;2
P2.1046;P2.1046-16;Rozmiar:select:0;16:0;2
P2.1341;P2.1341-14;Rozmiar:select:0;14:0;1
P2.1341;P2.1341-18;Rozmiar:select:0;18:0;1
P2.1341;P2.1341-10;Rozmiar:select:0;10:0;1
P2.1341;P2.1341-13;Rozmiar:select:0;13:0;2
P2.1341;P2.1341-12;Rozmiar:select:0;12:0;1
P2.1341;P2.1341-17;Rozmiar:select:0;17:0;1
P2.1341;P2.1341-19;Rozmiar:select:0;19:0;1
P2.1085;P2.1085-18;Rozmiar:select:0;18:0;1
P2.1085;P2.1085-13;Rozmiar:select:0;13:0;1
P2.1085;P2.1085-17;Rozmiar:select:0;17:0;1
P2.1085;P2.1085-15;Rozmiar:select:0;15:0;1
P2.1085;P2.1085-11;Rozmiar:select:0;11:0;1
P2.1085;P2.1085-16;Rozmiar:select:0;16:0;1
P2.1085;P2.1085-19;Rozmiar:select:0;19:0;1
P1.124;P1.124-12;Rozmiar:select:0;12:0;1
P1.124;P1.124-11;Rozmiar:select:0;11:0;1
P1.124;P1.124-19;Rozmiar:select:0;19:0;1
P1.124;P1.124-18;Rozmiar:select:0;18:0;1
P1.124;P1.124-16;Rozmiar:select:0;16:0;1
P1.124;P1.124-14;Rozmiar:select:0;14:0;1
P1.124;P1.124-9;Rozmiar:select:0;9:0;1
P1.124;P1.124-10;Rozmiar:select:0;10:0;1
P1.124;P1.124-13;Rozmiar:select:0;13:0;1
P2BN;P2BN-15;Rozmiar:select:0;15:0;7
P2BN;P2BN-13;Rozmiar:select:0;13:0;2
P2BN;P2BN-17;Rozmiar:select:0;17:0;3
P2BN;P2BN-11;Rozmiar:select:0;11:0;1
P2BN;P2BN-10;Rozmiar:select:0;10:0;1
P2BN;P2BN-12;Rozmiar:select:0;12:0;2
P2BN;P2BN-14;Rozmiar:select:0;14:0;2
P2BN;P2BN-18;Rozmiar:select:0;18:0;2
P2BN;P2BN-16;Rozmiar:select:0;16:0;2
P2BN;P2BN-19;Rozmiar:select:0;19:0;2
P3.1460;P3.1460-16;Rozmiar:select:0;16:0;9
P3.1460;P3.1460-18;Rozmiar:select:0;18:0;2
P3.1460;P3.1460-9;Rozmiar:select:0;9:0;1
P3.1460;P3.1460-11;Rozmiar:select:0;11:0;1
P3.1460;P3.1460-10;Rozmiar:select:0;10:0;1
P3.1460;P3.1460-13;Rozmiar:select:0;13:0;2
P3.1460;P3.1460-14;Rozmiar:select:0;14:0;1
P3.1460;P3.1460-15;Rozmiar:select:0;15:0;2
P3.1460;P3.1460-17;Rozmiar:select:0;17:0;2
P3.1460;P3.1460-19;Rozmiar:select:0;19:0;1
P3.1460;P3.1460-20;Rozmiar:select:0;20:0;1
P3.1460;P3.1460-12;Rozmiar:select:0;12:0;1
P3.1519;P3.1519-14;Rozmiar:select:0;14:0;10
P3.1519;P3.1519-11;Rozmiar:select:0;11:0;1
P3.1519;P3.1519-10;Rozmiar:select:0;10:0;1
P3.1519;P3.1519-17;Rozmiar:select:0;17:0;1
P3.1552;P3.1552-13;Rozmiar:select:0;13:0;2
P3.1552;P3.1552-17;Rozmiar:select:0;17:0;2
P3.1552;P3.1552-20;Rozmiar:select:0;20:0;1
P3.1552;P3.1552-10;Rozmiar:select:0;10:0;1
P3.1552;P3.1552-18;Rozmiar:select:0;18:0;1
P3.1552;P3.1552-12;Rozmiar:select:0;12:0;2
P3.1552;P3.1552-19;Rozmiar:select:0;19:0;1
P3.1552;P3.1552-15;Rozmiar:select:0;15:0;1
P3.1552;P3.1552-11;Rozmiar:select:0;11:0;1
P3.1552;P3.1552-16;Rozmiar:select:0;16:0;1
P3.1552;P3.1552-14;Rozmiar:select:0;14:0;1
P3.1515;P3.1515-11;Rozmiar:select:0;11:0;7
P3.1515;P3.1515-12;Rozmiar:select:0;12:0;5
P3.1515;P3.1515-16;Rozmiar:select:0;16:0;2
P3.1515;P3.1515-17;Rozmiar:select:0;17:0;3
P3.1515;P3.1515-10;Rozmiar:select:0;10:0;1
P3.1515;P3.1515-15;Rozmiar:select:0;15:0;1
P3.1515;P3.1515-13;Rozmiar:select:0;13:0;2
P3.1561;P3.1561-17;Rozmiar:select:0;17:0;3
P3.1561;P3.1561-14;Rozmiar:select:0;14:0;1
P3.1561;P3.1561-11;Rozmiar:select:0;11:0;1
P3.1561;P3.1561-13;Rozmiar:select:0;13:0;2
P3.1561;P3.1561-15;Rozmiar:select:0;15:0;2
P3.1561;P3.1561-18;Rozmiar:select:0;18:0;1
P3.1561;P3.1561-16;Rozmiar:select:0;16:0;3
P3.1561;P3.1561-19;Rozmiar:select:0;19:0;3
P3.1561;P3.1561-12;Rozmiar:select:0;12:0;2
P3.1551;P3.1551-18;Rozmiar:select:0;18:0;3
P3.1551;P3.1551-17;Rozmiar:select:0;17:0;1
P3.1551;P3.1551-20;Rozmiar:select:0;20:0;1
P3.1551;P3.1551-11;Rozmiar:select:0;11:0;1
P3.1551;P3.1551-19;Rozmiar:select:0;19:0;1
P3.1551;P3.1551-13;Rozmiar:select:0;13:0;1
P3.1551;P3.1551-12;Rozmiar:select:0;12:0;1
P3.1551;P3.1551-13;Rozmiar:select:0;13:0;1
P3.1551;P3.1551-10;Rozmiar:select:0;10:0;1
P3.1551;P3.1551-15;Rozmiar:select:0;15:0;2
P3.1551;P3.1551-14;Rozmiar:select:0;14:0;1
P3.1551;P3.1551-16;Rozmiar:select:0;16:0;2
P3.1559;P3.1559-17;Rozmiar:select:0;17:0;3
P3.1559;P3.1559-13;Rozmiar:select:0;13:0;1
P3.1559;P3.1559-14;Rozmiar:select:0;14:0;2
P3.1559;P3.1559-18;Rozmiar:select:0;18:0;1
P3.1559;P3.1559-19;Rozmiar:select:0;19:0;1
P3.1559;P3.1559-12;Rozmiar:select:0;12:0;1
P3.1559;P3.1559-15;Rozmiar:select:0;15:0;1
P3.1559;P3.1559-11;Rozmiar:select:0;11:0;2
P3.1485;P3.1485-16;Rozmiar:select:0;16:0;1
P3.1485;P3.1485-17;Rozmiar:select:0;17:0;1
P3.1485;P3.1485-13;Rozmiar:select:0;13:0;1
P3.1485;P3.1485-11;Rozmiar:select:0;11:0;1
P3.1485;P3.1485-12;Rozmiar:select:0;12:0;1
P1.174;P1.174-17;Rozmiar:select:0;17:0;1
P1.174;P1.174-13;Rozmiar:select:0;13:0;1
P1.174;P1.174-10;Rozmiar:select:0;10:0;1
P1.174;P1.174-12;Rozmiar:select:0;12:0;1
P1.174;P1.174-18;Rozmiar:select:0;18:0;1
P2.1001;P2.1001-18;Rozmiar:select:0;18:0;2
P2.1001;P2.1001-14;Rozmiar:select:0;14:0;2
P2.1001;P2.1001-16;Rozmiar:select:0;16:0;1
P2.1001;P2.1001-10;Rozmiar:select:0;10:0;1
P2.1278;P2.1278-11;Rozmiar:select:0;11:0;1
P2.1278;P2.1278-12;Rozmiar:select:0;12:0;1
P2.1278;P2.1278-14;Rozmiar:select:0;14:0;1
P2.1278;P2.1278-19;Rozmiar:select:0;19:0;1
P2.1278;P2.1278-17;Rozmiar:select:0;17:0;1
P2.1000;P2.1000-12;Rozmiar:select:0;12:0;1
P2.1000;P2.1000-18;Rozmiar:select:0;18:0;1
P2.1000;P2.1000-10;Rozmiar:select:0;10:0;1
P2.1000;P2.1000-14;Rozmiar:select:0;14:0;1
P2.1000;P2.1000-16;Rozmiar:select:0;16:0;1
P3.1521;P3.1521-11;Rozmiar:select:0;11:0;1
P3.1521;P3.1521-14;Rozmiar:select:0;14:0;1
P3.1521;P3.1521-16;Rozmiar:select:0;16:0;1
P3.1521;P3.1521-12;Rozmiar:select:0;12:0;1
P3.1521;P3.1521-18;Rozmiar:select:0;18:0;1
P2.1037;P2.1037-14;Rozmiar:select:0;14:0;1
P2.1037;P2.1037-18;Rozmiar:select:0;18:0;1
P2.1037;P2.1037-12;Rozmiar:select:0;12:0;1
P2.1037;P2.1037-11;Rozmiar:select:0;11:0;1
P2.1037;P2.1037-10;Rozmiar:select:0;10:0;1
P2.1037;P2.1037-16;Rozmiar:select:0;16:0;1
P2.1037;P2.1037-15;Rozmiar:select:0;15:0;2
P2.1037;P2.1037-17;Rozmiar:select:0;17:0;1
P2.1189;P2.1189-12;Rozmiar:select:0;12:0;1
P2.1189;P2.1189-18;Rozmiar:select:0;18:0;2
P2.1189;P2.1189-16;Rozmiar:select:0;16:0;1
P2.1189;P2.1189-11;Rozmiar:select:0;11:0;1
P2.1189;P2.1189-17;Rozmiar:select:0;17:0;1
P2.1189;P2.1189-14;Rozmiar:select:0;14:0;1
P2.1189;P2.1189-10;Rozmiar:select:0;10:0;1
P2.1260;P2.1260-19;Rozmiar:select:0;19:0;1
P2.1260;P2.1260-11;Rozmiar:select:0;11:0;1
P2.663;P2.663-13;Rozmiar:select:0;13:0;1
P2.663;P2.663-10;Rozmiar:select:0;10:0;1
P2.663;P2.663-17;Rozmiar:select:0;17:0;1
P2.663;P2.663-14;Rozmiar:select:0;14:0;1
P2.663;P2.663-19;Rozmiar:select:0;19:0;1
P2.1292;P2.1292-16;Rozmiar:select:0;16:0;1
P2.1292;P2.1292-10;Rozmiar:select:0;10:0;1
P2.1292;P2.1292-14;Rozmiar:select:0;14:0;1
P2.1292;P2.1292-12;Rozmiar:select:0;12:0;1
P2.1034;P2.1034-16;Rozmiar:select:0;16:0;1
P2.1034;P2.1034-18;Rozmiar:select:0;18:0;1
P2.1034;P2.1034-12;Rozmiar:select:0;12:0;1
P2.1034;P2.1034-10;Rozmiar:select:0;10:0;1
P2.1034;P2.1034-15;Rozmiar:select:0;15:0;1
P3.1164;P3.1164-17;Rozmiar:select:0;17:0;2
P3.1164;P3.1164-9;Rozmiar:select:0;9:0;1
P3.1164;P3.1164-13;Rozmiar:select:0;13:0;1
P3.1164;P3.1164-14;Rozmiar:select:0;14:0;1
P3.1164;P3.1164-19;Rozmiar:select:0;19:0;1
P3.1164;P3.1164-10;Rozmiar:select:0;10:0;1
P3.1164;P3.1164-12;Rozmiar:select:0;12:0;1
P2.707;P2.707-10;Rozmiar:select:0;10:0;1
P2.707;P2.707-18;Rozmiar:select:0;18:0;1
P2.707;P2.707-12;Rozmiar:select:0;12:0;1
P2.707;P2.707-16;Rozmiar:select:0;16:0;1
P2.707;P2.707-14;Rozmiar:select:0;14:0;1
P2.1086;P2.1086-14;Rozmiar:select:0;14:0;1
P2.1086;P2.1086-12;Rozmiar:select:0;12:0;1
P2.1086;P2.1086-18;Rozmiar:select:0;18:0;1
P2.1086;P2.1086-16;Rozmiar:select:0;16:0;1
P2.1036;P2.1036-16;Rozmiar:select:0;16:0;1
P2.1036;P2.1036-18;Rozmiar:select:0;18:0;1
P2.1036;P2.1036-14;Rozmiar:select:0;14:0;1
P2.1036;P2.1036-12;Rozmiar:select:0;12:0;1
P2.1036;P2.1036-15;Rozmiar:select:0;15:0;1
P3.1454;P3.1454-14;Rozmiar:select:0;14:0;1
P3.1454;P3.1454-12;Rozmiar:select:0;12:0;1
P3.1454;P3.1454-19;Rozmiar:select:0;19:0;1
P3.1454;P3.1454-17;Rozmiar:select:0;17:0;1
P3.1454;P3.1454-9;Rozmiar:select:0;9:0;1
P2.1337;P2.1337-14;Rozmiar:select:0;14:0;1
P2.1337;P2.1337-12;Rozmiar:select:0;12:0;1
P2.1337;P2.1337-10;Rozmiar:select:0;10:0;1
P2.1337;P2.1337-18;Rozmiar:select:0;18:0;1
P2.1337;P2.1337-16;Rozmiar:select:0;16:0;1
P3.1539;P3.1539-17;Rozmiar:select:0;17:0;1
P3.1539;P3.1539-9;Rozmiar:select:0;9:0;1
P3.1539;P3.1539-18;Rozmiar:select:0;18:0;1
P3.1539;P3.1539-12;Rozmiar:select:0;12:0;1
P3.1535;P3.1535-11;Rozmiar:select:0;11:0;1
P3.1535;P3.1535-16;Rozmiar:select:0;16:0;1
P3.1535;P3.1535-17;Rozmiar:select:0;17:0;1
P3.1535;P3.1535-18;Rozmiar:select:0;18:0;1
P3.1535;P3.1535-13;Rozmiar:select:0;13:0;2
P3.1535;P3.1535-10;Rozmiar:select:0;10:0;1
P3.1535;P3.1535-12;Rozmiar:select:0;12:0;1
P3.1535;P3.1535-19;Rozmiar:select:0;19:0;1
P3.1535;P3.1535-15;Rozmiar:select:0;15:0;2
P3.1535;P3.1535-14;Rozmiar:select:0;14:0;2
P1.76;P1.76-17;Rozmiar:select:0;17:0;1
P1.76;P1.76-14;Rozmiar:select:0;14:0;1
P1.76;P1.76-10;Rozmiar:select:0;10:0;1
P1.76;P1.76-12;Rozmiar:select:0;12:0;1
P2.1134;P2.1134-16;Rozmiar:select:0;16:0;1
P2.1134;P2.1134-10;Rozmiar:select:0;10:0;1
P2.1134;P2.1134-17;Rozmiar:select:0;17:0;1
P2.1134;P2.1134-18;Rozmiar:select:0;18:0;1
P2.1134;P2.1134-13;Rozmiar:select:0;13:0;1
P3.1076;P3.1076-10;Rozmiar:select:0;10:0;1
P3.1076;P3.1076-12;Rozmiar:select:0;12:0;1
P3.1076;P3.1076-11;Rozmiar:select:0;11:0;1
P3.1076;P3.1076-14;Rozmiar:select:0;14:0;1
P3.1076;P3.1076-17;Rozmiar:select:0;17:0;1
P3.1076;P3.1076-13;Rozmiar:select:0;13:0;1
P3.1076;P3.1076-19;Rozmiar:select:0;19:0;1
P1.802;P1.802-15;Rozmiar:select:0;15:0;1
P1.802;P1.802-16;Rozmiar:select:0;16:0;1
P1.802;P1.802-11;Rozmiar:select:0;11:0;1
P1.802;P1.802-14;Rozmiar:select:0;14:0;1
P2.509;P2.509-18;Rozmiar:select:0;18:0;1
P2.509;P2.509-14;Rozmiar:select:0;14:0;1
P2.509;P2.509-10;Rozmiar:select:0;10:0;1
P2.509;P2.509-12;Rozmiar:select:0;12:0;1
P2.509;P2.509-16;Rozmiar:select:0;16:0;1
P3.1477;P3.1477-17;Rozmiar:select:0;17:0;1
P3.1477;P3.1477-18;Rozmiar:select:0;18:0;1
P3.1477;P3.1477-9;Rozmiar:select:0;9:0;1
P3.1477;P3.1477-13;Rozmiar:select:0;13:0;1
P1.607;P1.607-17;Rozmiar:select:0;17:0;1
P1.607;P1.607-11;Rozmiar:select:0;11:0;2
P1.607;P1.607-16;Rozmiar:select:0;16:0;1
P1.607;P1.607-15;Rozmiar:select:0;15:0;1
P1.607;P1.607-13;Rozmiar:select:0;13:0;1
P1.607;P1.607-12;Rozmiar:select:0;12:0;1
P1.607;P1.607-14;Rozmiar:select:0;14:0;1
P2.1071;P2.1071-16;Rozmiar:select:0;16:0;1
P2.1071;P2.1071-12;Rozmiar:select:0;12:0;2
P2.1071;P2.1071-14;Rozmiar:select:0;14:0;1
P2.1338;P2.1338-18;Rozmiar:select:0;18:0;1
P2.1338;P2.1338-13;Rozmiar:select:0;13:0;1
P2.1338;P2.1338-17;Rozmiar:select:0;17:0;1
P2.1338;P2.1338-11;Rozmiar:select:0;11:0;1
P2.966;P2.966-9;Rozmiar:select:0;9:0;1
P2.966;P2.966-14;Rozmiar:select:0;14:0;1
P2.966;P2.966-12;Rozmiar:select:0;12:0;1
P2.1250;P2.1250-15;Rozmiar:select:0;15:0;1
P2.1250;P2.1250-10;Rozmiar:select:0;10:0;1
P2.1250;P2.1250-12;Rozmiar:select:0;12:0;1
P2.1250;P2.1250-17;Rozmiar:select:0;17:0;1
P2.1250;P2.1250-14;Rozmiar:select:0;14:0;1
P1.287;P1.287-16;Rozmiar:select:0;16:0;1
P1.287;P1.287-12;Rozmiar:select:0;12:0;1
P1.287;P1.287-13;Rozmiar:select:0;13:0;1
P1.287;P1.287-14;Rozmiar:select:0;14:0;1
P1.287;P1.287-18;Rozmiar:select:0;18:0;1
P1.287;P1.287-11;Rozmiar:select:0;11:0;1
P1.287;P1.287-10;Rozmiar:select:0;10:0;1
P1.287;P1.287-17;Rozmiar:select:0;17:0;1
P1.287;P1.287-19;Rozmiar:select:0;19:0;1
P2.1126;P2.1126-12;Rozmiar:select:0;12:0;1
P2.1126;P2.1126-10;Rozmiar:select:0;10:0;1
P2.1126;P2.1126-18;Rozmiar:select:0;18:0;1
P2.1126;P2.1126-14;Rozmiar:select:0;14:0;1
P1.625;P1.625-11;Rozmiar:select:0;11:0;1
P1.625;P1.625-14;Rozmiar:select:0;14:0;1
P1.625;P1.625-10;Rozmiar:select:0;10:0;1
P1.625;P1.625-13;Rozmiar:select:0;13:0;1
P3.1562;P3.1562-15;Rozmiar:select:0;15:0;1
P3.1562;P3.1562-18;Rozmiar:select:0;18:0;2
P3.1562;P3.1562-12;Rozmiar:select:0;12:0;2
P3.1562;P3.1562-17;Rozmiar:select:0;17:0;3
P3.1562;P3.1562-10;Rozmiar:select:0;10:0;1
P3.1562;P3.1562-14;Rozmiar:select:0;14:0;1
P3.1530;P3.1530-12;Rozmiar:select:0;12:0;1
P3.1530;P3.1530-11;Rozmiar:select:0;11:0;1
P3.1530;P3.1530-18;Rozmiar:select:0;18:0;1
P3.1530;P3.1530-14;Rozmiar:select:0;14:0;1
P3.1530;P3.1530-16;Rozmiar:select:0;16:0;1
P2.1079;P2.1079-20;Rozmiar:select:0;20:0;1
P2.1079;P2.1079-11;Rozmiar:select:0;11:0;1
P2.1079;P2.1079-17;Rozmiar:select:0;17:0;1
P2.1079;P2.1079-15;Rozmiar:select:0;15:0;1
P2.1096;P2.1096-12;Rozmiar:select:0;12:0;1
P2.1096;P2.1096-14;Rozmiar:select:0;14:0;1
P2.1096;P2.1096-15;Rozmiar:select:0;15:0;1
P2.1096;P2.1096-16;Rozmiar:select:0;16:0;1
P2.1096;P2.1096-19;Rozmiar:select:0;19:0;1
P3.1560;P3.1560-11;Rozmiar:select:0;11:0;2
P3.1560;P3.1560-14;Rozmiar:select:0;14:0;1
P3.1560;P3.1560-17;Rozmiar:select:0;17:0;2
P3.1560;P3.1560-12;Rozmiar:select:0;12:0;1
P3.1560;P3.1560-16;Rozmiar:select:0;16:0;1
P3.1560;P3.1560-19;Rozmiar:select:0;19:0;1
P3.1560;P3.1560-15;Rozmiar:select:0;15:0;2
P3.1560;P3.1560-13;Rozmiar:select:0;13:0;1
P3.1560;P3.1560-10;Rozmiar:select:0;10:0;1
P3.1560;P3.1560-18;Rozmiar:select:0;18:0;1
P3.1560;P3.1560-20;Rozmiar:select:0;20:0;1
P2.1069;P2.1069-19;Rozmiar:select:0;19:0;1
P2.1069;P2.1069-15;Rozmiar:select:0;15:0;1
P2.1069;P2.1069-13;Rozmiar:select:0;13:0;1
P2.1069;P2.1069-16;Rozmiar:select:0;16:0;1
P3.1532;P3.1532-17;Rozmiar:select:0;17:0;1
P3.1532;P3.1532-11;Rozmiar:select:0;11:0;2
P3.1532;P3.1532-16;Rozmiar:select:0;16:0;1
P3.1532;P3.1532-13;Rozmiar:select:0;13:0;1
P3.1532;P3.1532-19;Rozmiar:select:0;19:0;1
P3.1532;P3.1532-18;Rozmiar:select:0;18:0;1
P3.1532;P3.1532-15;Rozmiar:select:0;15:0;1
P1.760;P1.760-10;Rozmiar:select:0;10:0;1
P1.760;P1.760-19;Rozmiar:select:0;19:0;1
P1.760;P1.760-16;Rozmiar:select:0;16:0;1
P1.760;P1.760-13;Rozmiar:select:0;13:0;1
P1.760;P1.760-17;Rozmiar:select:0;17:0;1
P1.760;P1.760-14;Rozmiar:select:0;14:0;2
P1.760;P1.760-11;Rozmiar:select:0;11:0;1
P1.760;P1.760-18;Rozmiar:select:0;18:0;1
P2.1244;P2.1244-10;Rozmiar:select:0;10:0;1
P2.1244;P2.1244-18;Rozmiar:select:0;18:0;1
P2.1244;P2.1244-14;Rozmiar:select:0;14:0;1
P2.1244;P2.1244-13;Rozmiar:select:0;13:0;1
P2.1244;P2.1244-16;Rozmiar:select:0;16:0;1
P2.1244;P2.1244-12;Rozmiar:select:0;12:0;1
P2.1244;P2.1244-15;Rozmiar:select:0;15:0;1
P2.1244;P2.1244-17;Rozmiar:select:0;17:0;1
P2.1244;P2.1244-9;Rozmiar:select:0;9:0;1
P3.1449;P3.1449-15;Rozmiar:select:0;15:0;1
P3.1449;P3.1449-17;Rozmiar:select:0;17:0;1
P3.1449;P3.1449-10;Rozmiar:select:0;10:0;1
P3.1449;P3.1449-14;Rozmiar:select:0;14:0;1
P3.1449;P3.1449-12;Rozmiar:select:0;12:0;1
P3.1520;P3.1520-16;Rozmiar:select:0;16:0;1
P3.1520;P3.1520-12;Rozmiar:select:0;12:0;1
P3.1520;P3.1520-11;Rozmiar:select:0;11:0;1
P3.1520;P3.1520-18;Rozmiar:select:0;18:0;1
P2.1343;P2.1343-14;Rozmiar:select:0;14:0;1
P2.1343;P2.1343-11;Rozmiar:select:0;11:0;1
P2.1343;P2.1343-17;Rozmiar:select:0;17:0;2
P2.1343;P2.1343-13;Rozmiar:select:0;13:0;1
P2.1343;P2.1343-10;Rozmiar:select:0;10:0;1
P2.1343;P2.1343-15;Rozmiar:select:0;15:0;1
P2.1042;P2.1042-14;Rozmiar:select:0;14:0;1
P2.1042;P2.1042-18;Rozmiar:select:0;18:0;1
P2.1042;P2.1042-13;Rozmiar:select:0;13:0;1
P1.71;P1.71-12;Rozmiar:select:0;12:0;1
P1.71;P1.71-17;Rozmiar:select:0;17:0;1
P1.71;P1.71-14;Rozmiar:select:0;14:0;1
P1.71;P1.71-11;Rozmiar:select:0;11:0;1
P1.71;P1.71-18;Rozmiar:select:0;18:0;1
P3.1536;P3.1536-14;Rozmiar:select:0;14:0;1
P3.1536;P3.1536-12;Rozmiar:select:0;12:0;1
P3.1536;P3.1536-10;Rozmiar:select:0;10:0;1
P1.560;P1.560-18;Rozmiar:select:0;18:0;1
P1.560;P1.560-17;Rozmiar:select:0;17:0;1
P1.560;P1.560-15;Rozmiar:select:0;15:0;1
P1.560;P1.560-19;Rozmiar:select:0;19:0;1
P1.560;P1.560-14;Rozmiar:select:0;14:0;1
P1.560;P1.560-11;Rozmiar:select:0;11:0;1
P1.560;P1.560-12;Rozmiar:select:0;12:0;1
P1.560;P1.560-16;Rozmiar:select:0;16:0;1
P1.34;P1.34-18;Rozmiar:select:0;18:0;1
P1.34;P1.34-16;Rozmiar:select:0;16:0;1
P1.34;P1.34-13;Rozmiar:select:0;13:0;1
P1.34;P1.34-11;Rozmiar:select:0;11:0;1
P1.34;P1.34-15;Rozmiar:select:0;15:0;1
P2.1070;P2.1070-18;Rozmiar:select:0;18:0;1
P2.1070;P2.1070-10;Rozmiar:select:0;10:0;1
P2.1070;P2.1070-12;Rozmiar:select:0;12:0;1
P2.1070;P2.1070-14;Rozmiar:select:0;14:0;1
P2.1070;P2.1070-16;Rozmiar:select:0;16:0;1
P1.601;P1.601-14;Rozmiar:select:0;14:0;1
P1.601;P1.601-12;Rozmiar:select:0;12:0;1
P1.601;P1.601-11;Rozmiar:select:0;11:0;1
P1.601;P1.601-16;Rozmiar:select:0;16:0;1
P1.601;P1.601-18;Rozmiar:select:0;18:0;1
P3.1554;P3.1554-19;Rozmiar:select:0;19:0;1
P3.1554;P3.1554-16;Rozmiar:select:0;16:0;2
P3.1554;P3.1554-15;Rozmiar:select:0;15:0;1
P3.1554;P3.1554-10;Rozmiar:select:0;10:0;1
P3.1554;P3.1554-12;Rozmiar:select:0;12:0;2
P3.1554;P3.1554-11;Rozmiar:select:0;11:0;1
P3.1554;P3.1554-13;Rozmiar:select:0;13:0;1
P3.1554;P3.1554-20;Rozmiar:select:0;20:0;1
P3.1554;P3.1554-9;Rozmiar:select:0;9:0;1
P3.1554;P3.1554-18;Rozmiar:select:0;18:0;2
P3.1554;P3.1554-17;Rozmiar:select:0;17:0;1
P3.1554;P3.1554-14;Rozmiar:select:0;14:0;2
P2.1344;P2.1344-14;Rozmiar:select:0;14:0;1
P2.1344;P2.1344-16;Rozmiar:select:0;16:0;1
P2.1344;P2.1344-18;Rozmiar:select:0;18:0;1
P2.1344;P2.1344-11;Rozmiar:select:0;11:0;1
P2.1344;P2.1344-13;Rozmiar:select:0;13:0;1
P2.1344;P2.1344-12;Rozmiar:select:0;12:0;1
P2.1344;P2.1344-17;Rozmiar:select:0;17:0;1
P2.1344;P2.1344-19;Rozmiar:select:0;19:0;1
P1.683;P1.683-16;Rozmiar:select:0;16:0;1
P1.683;P1.683-10;Rozmiar:select:0;10:0;1
P1.683;P1.683-12;Rozmiar:select:0;12:0;1
P1.683;P1.683-18;Rozmiar:select:0;18:0;1
P1.683;P1.683-14;Rozmiar:select:0;14:0;1
P2.1249;P2.1249-14;Rozmiar:select:0;14:0;1
P2.1249;P2.1249-12;Rozmiar:select:0;12:0;1
P2.1249;P2.1249-11;Rozmiar:select:0;11:0;1
P2.1249;P2.1249-10;Rozmiar:select:0;10:0;1
P2.1249;P2.1249-18;Rozmiar:select:0;18:0;1
P2.1249;P2.1249-15;Rozmiar:select:0;15:0;1
P2.1249;P2.1249-13;Rozmiar:select:0;13:0;1
P2.1249;P2.1249-17;Rozmiar:select:0;17:0;2
P2.1336;P2.1336-14;Rozmiar:select:0;14:0;1
P2.1336;P2.1336-11;Rozmiar:select:0;11:0;1
P2.1336;P2.1336-16;Rozmiar:select:0;16:0;1
P2.1336;P2.1336-13;Rozmiar:select:0;13:0;1
P2.1336;P2.1336-18;Rozmiar:select:0;18:0;1
P2.949;P2.949-13;Rozmiar:select:0;13:0;1
P2.949;P2.949-11;Rozmiar:select:0;11:0;1
P2.949;P2.949-10;Rozmiar:select:0;10:0;1
P2.949;P2.949-15;Rozmiar:select:0;15:0;1
P2.949;P2.949-9;Rozmiar:select:0;9:0;1
P2.1133;P2.1133-14;Rozmiar:select:0;14:0;1
P2.1133;P2.1133-12;Rozmiar:select:0;12:0;1
P2.1133;P2.1133-11;Rozmiar:select:0;11:0;1
P2.1133;P2.1133-16;Rozmiar:select:0;16:0;1
P2.1133;P2.1133-13;Rozmiar:select:0;13:0;1
P2.1133;P2.1133-10;Rozmiar:select:0;10:0;2
P2.1133;P2.1133-15;Rozmiar:select:0;15:0;1
P2.1133;P2.1133-17;Rozmiar:select:0;17:0;2
P2.1133;P2.1133-20;Rozmiar:select:0;20:0;2
P2.1133;P2.1133-18;Rozmiar:select:0;18:0;2
P2.1133;P2.1133-19;Rozmiar:select:0;19:0;2
P2.1133;P2.1133-9;Rozmiar:select:0;9:0;1
P2.755;P2.755-16;Rozmiar:select:0;16:0;1
P2.755;P2.755-18;Rozmiar:select:0;18:0;1
P2.755;P2.755-13;Rozmiar:select:0;13:0;1
P2.755;P2.755-14;Rozmiar:select:0;14:0;1
P2.755;P2.755-10;Rozmiar:select:0;10:0;1
P2.883;P2.883-12;Rozmiar:select:0;12:0;1
P2.883;P2.883-11;Rozmiar:select:0;11:0;1
P2.883;P2.883-16;Rozmiar:select:0;16:0;1
P2.883;P2.883-18;Rozmiar:select:0;18:0;1
P2.883;P2.883-17;Rozmiar:select:0;17:0;1
P2.883;P2.883-10;Rozmiar:select:0;10:0;1
P2.965;P2.965-17;Rozmiar:select:0;17:0;1
P2.965;P2.965-12;Rozmiar:select:0;12:0;1
P2.965;P2.965-15;Rozmiar:select:0;15:0;1
P2.1359;P2.1359-13;Rozmiar:select:0;13:0;1
P2.1359;P2.1359-14;Rozmiar:select:0;14:0;2
P2.1359;P2.1359-17;Rozmiar:select:0;17:0;2
P2.1359;P2.1359-16;Rozmiar:select:0;16:0;1
P2.1359;P2.1359-15;Rozmiar:select:0;15:0;2
P2.1359;P2.1359-11;Rozmiar:select:0;11:0;3
P2.1359;P2.1359-18;Rozmiar:select:0;18:0;1
P2.1359;P2.1359-12;Rozmiar:select:0;12:0;1
P3.1556;P3.1556-16;Rozmiar:select:0;16:0;1
P3.1556;P3.1556-15;Rozmiar:select:0;15:0;1
P3.1556;P3.1556-9;Rozmiar:select:0;9:0;1
P3.1556;P3.1556-19;Rozmiar:select:0;19:0;1
P3.1556;P3.1556-12;Rozmiar:select:0;12:0;1
P3.1556;P3.1556-11;Rozmiar:select:0;11:0;1
P3.1556;P3.1556-14;Rozmiar:select:0;14:0;1
P3.1556;P3.1556-13;Rozmiar:select:0;13:0;1
P3.1534;P3.1534-16;Rozmiar:select:0;16:0;1
P3.1534;P3.1534-14;Rozmiar:select:0;14:0;1
P3.1534;P3.1534-10;Rozmiar:select:0;10:0;1
P3.1534;P3.1534-12;Rozmiar:select:0;12:0;1
P3.1534;P3.1534-18;Rozmiar:select:0;18:0;1
P2.884;P2.884-13;Rozmiar:select:0;13:0;1
P2.884;P2.884-14;Rozmiar:select:0;14:0;1
P2.884;P2.884-15;Rozmiar:select:0;15:0;1
P2.884;P2.884-17;Rozmiar:select:0;17:0;1
P2.884;P2.884-12;Rozmiar:select:0;12:0;1
P2.884;P2.884-18;Rozmiar:select:0;18:0;1
P2.884;P2.884-16;Rozmiar:select:0;16:0;1
P2.884;P2.884-10;Rozmiar:select:0;10:0;1
P2.1057;P2.1057-10;Rozmiar:select:0;10:0;1
P2.1057;P2.1057-17;Rozmiar:select:0;17:0;1
P2.1057;P2.1057-12;Rozmiar:select:0;12:0;1
P2.1057;P2.1057-15;Rozmiar:select:0;15:0;1
P2.1057;P2.1057-11;Rozmiar:select:0;11:0;1
P2.1057;P2.1057-16;Rozmiar:select:0;16:0;1
P3.1537;P3.1537-10;Rozmiar:select:0;10:0;1
P3.1537;P3.1537-12;Rozmiar:select:0;12:0;1
P3.1537;P3.1537-14;Rozmiar:select:0;14:0;1
P3.1537;P3.1537-16;Rozmiar:select:0;16:0;1
P2.665;P2.665-14;Rozmiar:select:0;14:0;1
P2.665;P2.665-12;Rozmiar:select:0;12:0;1
P2.665;P2.665-9;Rozmiar:select:0;9:0;1
P2.665;P2.665-10;Rozmiar:select:0;10:0;1
P2.665;P2.665-15;Rozmiar:select:0;15:0;1
P2.665;P2.665-11;Rozmiar:select:0;11:0;1
P2.665;P2.665-16;Rozmiar:select:0;16:0;1
P2.665;P2.665-13;Rozmiar:select:0;13:0;1
P3.1517;P3.1517-14;Rozmiar:select:0;14:0;1
P3.1517;P3.1517-9;Rozmiar:select:0;9:0;2
P3.1517;P3.1517-16;Rozmiar:select:0;16:0;1
P3.1442;P3.1442-10;Rozmiar:select:0;10:0;1
P3.1442;P3.1442-12;Rozmiar:select:0;12:0;1
P3.1442;P3.1442-18;Rozmiar:select:0;18:0;1
P3.1442;P3.1442-14;Rozmiar:select:0;14:0;1
P3.1442;P3.1442-16;Rozmiar:select:0;16:0;1
P3.1525;P3.1525-18;Rozmiar:select:0;18:0;1
P3.1525;P3.1525-9;Rozmiar:select:0;9:0;1
P3.1525;P3.1525-12;Rozmiar:select:0;12:0;1
P3.1525;P3.1525-16;Rozmiar:select:0;16:0;1
P3.1525;P3.1525-14;Rozmiar:select:0;14:0;1
P3.1271;P3.1271-10;Rozmiar:select:0;10:0;1
P3.1271;P3.1271-14;Rozmiar:select:0;14:0;1
P3.1271;P3.1271-18;Rozmiar:select:0;18:0;1
P3.1271;P3.1271-12;Rozmiar:select:0;12:0;1
P1.58;P1.58-18;Rozmiar:select:0;18:0;1
P1.58;P1.58-17;Rozmiar:select:0;17:0;1
P1.58;P1.58-12;Rozmiar:select:0;12:0;1
P1.58;P1.58-15;Rozmiar:select:0;15:0;1
P2.1376;P2.1376-9;Rozmiar:select:0;9:0;1
P2.1376;P2.1376-14;Rozmiar:select:0;14:0;1
P2.1376;P2.1376-12;Rozmiar:select:0;12:0;1
P2.1376;P2.1376-11;Rozmiar:select:0;11:0;1
P3.1518;P3.1518-10;Rozmiar:select:0;10:0;1
P3.1518;P3.1518-12;Rozmiar:select:0;12:0;1
P3.1518;P3.1518-18;Rozmiar:select:0;18:0;2
P3.1518;P3.1518-14;Rozmiar:select:0;14:0;1
P3.1538;P3.1538-12;Rozmiar:select:0;12:0;1
P3.1538;P3.1538-18;Rozmiar:select:0;18:0;1
P3.1538;P3.1538-16;Rozmiar:select:0;16:0;1
P3.1538;P3.1538-14;Rozmiar:select:0;14:0;1
P3.1538;P3.1538-10;Rozmiar:select:0;10:0;1
P3.1538;P3.1538-11;Rozmiar:select:0;11:0;1
P3.1538;P3.1538-13;Rozmiar:select:0;13:0;1
P3.1538;P3.1538-15;Rozmiar:select:0;15:0;1
P3.1538;P3.1538-17;Rozmiar:select:0;17:0;1
P3.1059;P3.1059-15;Rozmiar:select:0;15:0;1
P3.1059;P3.1059-11;Rozmiar:select:0;11:0;1
P3.1059;P3.1059-14;Rozmiar:select:0;14:0;1
P3.1059;P3.1059-17;Rozmiar:select:0;17:0;1
P3.1059;P3.1059-13;Rozmiar:select:0;13:0;1
P3.1059;P3.1059-9;Rozmiar:select:0;9:0;1
P3.1059;P3.1059-12;Rozmiar:select:0;12:0;1
P3.1059;P3.1059-18;Rozmiar:select:0;18:0;1
P1.713;P1.713-16;Rozmiar:select:0;16:0;1
P1.713;P1.713-11;Rozmiar:select:0;11:0;1
P1.713;P1.713-17;Rozmiar:select:0;17:0;1
P1.713;P1.713-10;Rozmiar:select:0;10:0;1
P1.713;P1.713-14;Rozmiar:select:0;14:0;1
P1.713;P1.713-13;Rozmiar:select:0;13:0;1
P1.713;P1.713-9;Rozmiar:select:0;9:0;1
P1.713;P1.713-15;Rozmiar:select:0;15:0;1
P1.713;P1.713-12;Rozmiar:select:0;12:0;1
P3.1528;P3.1528-18;Rozmiar:select:0;18:0;1
P3.1528;P3.1528-19;Rozmiar:select:0;19:0;1
P3.1528;P3.1528-17;Rozmiar:select:0;17:0;1
P3.1528;P3.1528-12;Rozmiar:select:0;12:0;1
P3.1528;P3.1528-14;Rozmiar:select:0;14:0;1
P2.1340;P2.1340-18;Rozmiar:select:0;18:0;1
P2.1340;P2.1340-12;Rozmiar:select:0;12:0;1
P2.1340;P2.1340-13;Rozmiar:select:0;13:0;1
P2.1340;P2.1340-16;Rozmiar:select:0;16:0;1
P2.1089;P2.1089-10;Rozmiar:select:0;10:0;1
P2.1089;P2.1089-16;Rozmiar:select:0;16:0;1
P2.1089;P2.1089-18;Rozmiar:select:0;18:0;1
P3.1406;P3.1406-14;Rozmiar:select:0;14:0;1
P3.1406;P3.1406-16;Rozmiar:select:0;16:0;1
P3.1406;P3.1406-18;Rozmiar:select:0;18:0;1
P3.1406;P3.1406-12;Rozmiar:select:0;12:0;1
P3.1406;P3.1406-10;Rozmiar:select:0;10:0;1
P2.922;P2.922-14;Rozmiar:select:0;14:0;1
P2.922;P2.922-15;Rozmiar:select:0;15:0;1
P2.922;P2.922-13;Rozmiar:select:0;13:0;2
P2.922;P2.922-11;Rozmiar:select:0;11:0;1
P2.1366;P2.1366-18;Rozmiar:select:0;18:0;1
P2.1366;P2.1366-20;Rozmiar:select:0;20:0;1
P2.1366;P2.1366-19;Rozmiar:select:0;19:0;1
P2.1366;P2.1366-21;Rozmiar:select:0;21:0;1
P3.1334;P3.1334-17;Rozmiar:select:0;17:0;1
P3.1334;P3.1334-14;Rozmiar:select:0;14:0;1
P3.1334;P3.1334-12;Rozmiar:select:0;12:0;1
P1.50;P1.50-18;Rozmiar:select:0;18:0;1
P1.50;P1.50-15;Rozmiar:select:0;15:0;1
P1.50;P1.50-10;Rozmiar:select:0;10:0;1
P1.50;P1.50-13;Rozmiar:select:0;13:0;1
P2.1002;P2.1002-10;Rozmiar:select:0;10:0;1
P2.1002;P2.1002-12;Rozmiar:select:0;12:0;1
P2.1002;P2.1002-14;Rozmiar:select:0;14:0;1
P2.1002;P2.1002-16;Rozmiar:select:0;16:0;1
P2.1002;P2.1002-18;Rozmiar:select:0;18:0;1
P2.1265;P2.1265-13;Rozmiar:select:0;13:0;1
P2.1265;P2.1265-19;Rozmiar:select:0;19:0;1
P2.1265;P2.1265-16;Rozmiar:select:0;16:0;1
P2.1265;P2.1265-10;Rozmiar:select:0;10:0;1
P1.98;P1.98-18;Rozmiar:select:0;18:0;1
P1.98;P1.98-15;Rozmiar:select:0;15:0;1
P1.98;P1.98-14;Rozmiar:select:0;14:0;1
P1.98;P1.98-16;Rozmiar:select:0;16:0;1
P1.98;P1.98-12;Rozmiar:select:0;12:0;3
P1.98;P1.98-13;Rozmiar:select:0;13:0;1
P2.1099;P2.1099-12;Rozmiar:select:0;12:0;1
P2.1099;P2.1099-16;Rozmiar:select:0;16:0;1
P2.1099;P2.1099-15;Rozmiar:select:0;15:0;1
P2.1099;P2.1099-10;Rozmiar:select:0;10:0;1
P3.1533;P3.1533-16;Rozmiar:select:0;16:0;1
P3.1533;P3.1533-12;Rozmiar:select:0;12:0;1
P3.1533;P3.1533-18;Rozmiar:select:0;18:0;1
P3.1533;P3.1533-10;Rozmiar:select:0;10:0;1
P3.1533;P3.1533-14;Rozmiar:select:0;14:0;1
P3.1533;P3.1533-19;Rozmiar:select:0;19:0;1
P3.1533;P3.1533-17;Rozmiar:select:0;17:0;1
P3.1082;P3.1082-13;Rozmiar:select:0;13:0;1
P3.1082;P3.1082-11;Rozmiar:select:0;11:0;1
P3.1082;P3.1082-12;Rozmiar:select:0;12:0;1
P3.1082;P3.1082-18;Rozmiar:select:0;18:0;1
P3.1082;P3.1082-15;Rozmiar:select:0;15:0;1
P3.1082;P3.1082-16;Rozmiar:select:0;16:0;2
P3.1082;P3.1082-14;Rozmiar:select:0;14:0;1
P3.1082;P3.1082-17;Rozmiar:select:0;17:0;1
P3.1522;P3.1522-16;Rozmiar:select:0;16:0;1
P3.1522;P3.1522-14;Rozmiar:select:0;14:0;1
P3.1522;P3.1522-10;Rozmiar:select:0;10:0;1
P3.1522;P3.1522-13;Rozmiar:select:0;13:0;1
P3.1522;P3.1522-12;Rozmiar:select:0;12:0;1
P3.1522;P3.1522-11;Rozmiar:select:0;11:0;2
P3.1522;P3.1522-15;Rozmiar:select:0;15:0;1
P2.948;P2.948-17;Rozmiar:select:0;17:0;1
P2.948;P2.948-14;Rozmiar:select:0;14:0;1
P2.948;P2.948-19;Rozmiar:select:0;19:0;1
P2.948;P2.948-13;Rozmiar:select:0;13:0;1
P2.948;P2.948-11;Rozmiar:select:0;11:0;1
P1.198;P1.198-17;Rozmiar:select:0;17:0;1
P1.198;P1.198-18;Rozmiar:select:0;18:0;1
P1.198;P1.198-12;Rozmiar:select:0;12:0;2
P1.198;P1.198-10;Rozmiar:select:0;10:0;1
P3.1541;P3.1541-16;Rozmiar:select:0;16:0;1
P3.1541;P3.1541-18;Rozmiar:select:0;18:0;1
P3.1541;P3.1541-14;Rozmiar:select:0;14:0;1
P3.1541;P3.1541-11;Rozmiar:select:0;11:0;1
P3.1409;P3.1409-17;Rozmiar:select:0;17:0;1
P3.1409;P3.1409-12;Rozmiar:select:0;12:0;1
P3.1409;P3.1409-15;Rozmiar:select:0;15:0;1
P3.1409;P3.1409-11;Rozmiar:select:0;11:0;1
P3.1409;P3.1409-18;Rozmiar:select:0;18:0;1
P1.280;P1.280-12;Rozmiar:select:0;12:0;1
P1.280;P1.280-13;Rozmiar:select:0;13:0;1
P1.280;P1.280-18;Rozmiar:select:0;18:0;1
P1.280;P1.280-10;Rozmiar:select:0;10:0;1
P1.280;P1.280-17;Rozmiar:select:0;17:0;1
P1.280;P1.280-16;Rozmiar:select:0;16:0;1
P1.280;P1.280-14;Rozmiar:select:0;14:0;1
P1.280;P1.280-19;Rozmiar:select:0;19:0;1
P1.280;P1.280-15;Rozmiar:select:0;15:0;2
P2.1063;P2.1063-13;Rozmiar:select:0;13:0;1
P2.1063;P2.1063-10;Rozmiar:select:0;10:0;1
P2.1063;P2.1063-9;Rozmiar:select:0;9:0;1
P2.1063;P2.1063-17;Rozmiar:select:0;17:0;1
P2.1063;P2.1063-15;Rozmiar:select:0;15:0;1
P2.1063;P2.1063-11;Rozmiar:select:0;11:0;1
P2.1063;P2.1063-16;Rozmiar:select:0;16:0;1
P1.59;P1.59-17;Rozmiar:select:0;17:0;1
P1.59;P1.59-11;Rozmiar:select:0;11:0;1
P1.59;P1.59-14;Rozmiar:select:0;14:0;1
P1.59;P1.59-12;Rozmiar:select:0;12:0;1
P1.59;P1.59-16;Rozmiar:select:0;16:0;1
P3.1540;P3.1540-9;Rozmiar:select:0;9:0;1
P3.1540;P3.1540-12;Rozmiar:select:0;12:0;2
P3.1540;P3.1540-14;Rozmiar:select:0;14:0;1
P3.1540;P3.1540-17;Rozmiar:select:0;17:0;1
P3.1540;P3.1540-16;Rozmiar:select:0;16:0;1
P3.1540;P3.1540-18;Rozmiar:select:0;18:0;1
P2.1240;P2.1240-18;Rozmiar:select:0;18:0;1
P2.1240;P2.1240-10;Rozmiar:select:0;10:0;1
P2.1240;P2.1240-13;Rozmiar:select:0;13:0;1
P2.1240;P2.1240-11;Rozmiar:select:0;11:0;1
P3.1564;P3.1564-13;Rozmiar:select:0;13:0;1
P3.1564;P3.1564-16;Rozmiar:select:0;16:0;1
P3.1564;P3.1564-18;Rozmiar:select:0;18:0;1
P3.1564;P3.1564-15;Rozmiar:select:0;15:0;1
P3.1564;P3.1564-12;Rozmiar:select:0;12:0;1
P3.1564;P3.1564-11;Rozmiar:select:0;11:0;1
P3.1564;P3.1564-10;Rozmiar:select:0;10:0;1
P3.1564;P3.1564-17;Rozmiar:select:0;17:0;1
P3.1564;P3.1564-19;Rozmiar:select:0;19:0;1
P3.1564;P3.1564-14;Rozmiar:select:0;14:0;1
P2.1032;P2.1032-14;Rozmiar:select:0;14:0;1
P2.1032;P2.1032-10;Rozmiar:select:0;10:0;1
P2.1032;P2.1032-16;Rozmiar:select:0;16:0;1
P2.1032;P2.1032-19;Rozmiar:select:0;19:0;1
P2.1032;P2.1032-18;Rozmiar:select:0;18:0;1
P2.1032;P2.1032-12;Rozmiar:select:0;12:0;1
P2.1032;P2.1032-17;Rozmiar:select:0;17:0;1
P2.1127;P2.1127-18;Rozmiar:select:0;18:0;1
P2.1127;P2.1127-11;Rozmiar:select:0;11:0;1
P2.1127;P2.1127-17;Rozmiar:select:0;17:0;1
P2.1127;P2.1127-13;Rozmiar:select:0;13:0;1
P2.1127;P2.1127-15;Rozmiar:select:0;15:0;1
P3.1524;P3.1524-17;Rozmiar:select:0;17:0;1
P3.1524;P3.1524-15;Rozmiar:select:0;15:0;1
P3.1524;P3.1524-12;Rozmiar:select:0;12:0;1
P3.1524;P3.1524-10;Rozmiar:select:0;10:0;1
P3.1524;P3.1524-13;Rozmiar:select:0;13:0;1
